X1,X2,X3,X4,X5,X6,X7,X8,X9,X10,X11,X12,X13,X14,X15,X16,X17,X18,X19,C1_V1,C1_V2,C2_V1,C2_V2,C3_V1,C3_V2,C4_V1,C4_V2,C4_V3,C5_V1,C5_V2,C5_V3,C6_V1,C6_V2,C7_V1,C7_V2,C7_V3,C8_V1,C8_V2,C9_V1,C9_V2,C9_V3,C9_V4,C10_V1,C10_V2,C10_V3,C10_V4,C10_V5,C10_V6,C10_V7,C10_V8,C11_V1,C11_V2,C11_V3,C11_V4,C11_V5,C11_V6,C11_V7,C12_V1,C12_V2,C12_V3,C13_V1,C13_V2,C13_V3,C13_V4,C13_V5,C14_V1,C14_V2
-1.663,-1.111,-1.092,0.031,-1.88,0.779,-0.28283562388068617,-0.844,-1.212,1.09,-0.076,-0.536,-0.092,-2.568,0.849,-0.172,0.401,0.872,0.216,0,1,1,0,1,0,0,1,0,0,1,0,1,0,1,0,0,1,0,0,0,0,1,0,0,0,0,0,1,0,0,0,0,0,0,1,0,0,0,1,0,1,0,0,0,0,1,0
-0.0977387269820018,-1.979,0.348,0.657,1.223,-1.159,-0.319,0.030039938371757627,-0.223,0.04489821829744986,-0.17520040073453924,0.02119165923646415,-0.04491315120023892,-0.185,0.034,0.1777477970411192,0.401,0.592,0.216,0,1,1,0,1,0,0,0,1,1,0,0,1,0,1,0,0,1,0,0,0,1,0,0,1,0,0,0,0,0,0,1,0,0,0,0,0,0,0,0,1,1,0,0,0,0,0,1
-0.557,-0.738,-0.617,-1.377,1.482,0.133,1.545,-0.844,-1.331,1.234,-0.305,-0.536,-0.092,1.098,-0.782,1.16,0.401,-1.25,0.216,1,0,1,0,1,0,1,0,0,1,0,0,1,0,1,0,0,0,1,0,0,1,0,0,0,0,0,1,0,0,0,0,0,1,0,0,0,0,0,1,0,1,0,0,0,0,0,1
2.207,-1.111,-0.617,1.675,2.775,2.071,-0.648,1.712,1.298,-1.284,-1.305,-0.536,-0.092,0.182,0.034,1.16,0.401,-0.605,0.216,1,0,1,0,1,0,1,0,0,1,0,0,1,0,1,0,0,0,1,1,0,0,0,0,0,0,0,0,0,0,1,0,1,0,0,0,0,0,1,0,0,1,0,0,0,0,0,1
1.655,1.123,-0.617,-0.282,0.189,0.133,2.75,1.245,-1.349,-1.445,-0.134,-0.536,-0.092,1.098,0.034,0.716,0.401,0.672,0.216,1,0,1,0,1,0,1,0,0,1,0,0,1,0,1,0,0,1,0,0,0,1,0,0,0,0,0,1,0,0,0,0,0,1,0,0,0,0,0,1,0,1,0,0,0,0,0,1
0.272,0.13,0.348,-0.125,-0.328,0.133,-0.099,1.712,-0.375,-1.248,-1.362,-0.536,-0.092,0.182,-0.51,0.05,0.401,2.249,0.216,0,1,1,0,1,0,1,0,0,1,0,0,1,0,1,0,0,0,1,0,1,0,0,0,0,1,0,0,0,0,0,0,1,0,0,0,0,0,1,0,0,1,0,0,0,0,1,0
-1.11,-1.607,1.787,-2.629,-2.138,0.133,1.654,-0.158,-1.288,0.568,-0.591,-0.536,-0.092,-0.735,0.034,-1.504,0.401,0.018,0.216,0,1,1,0,1,0,1,0,0,0,1,0,1,0,1,0,0,1,0,0,0,1,0,0,0,0,0,1,0,0,0,0,0,1,0,0,0,0,0,1,0,1,0,0,0,0,1,0
1.876,0.13,2.262,-0.282,-0.07,0.133,-0.319,0.017,-1.288,0.568,-0.933,1.089,-0.092,0.182,-0.51,1.16,0.401,0.037,0.216,1,0,1,0,1,0,1,0,0,1,0,0,1,0,1,0,0,1,0,0,1,0,0,0,1,0,0,0,0,0,0,1,0,0,0,0,0,0,0,1,0,1,0,0,0,0,1,0
-1.386,-0.986,-1.092,-0.282,0.447,1.425,0.01,0.266,-0.984,-0.241,-0.162,1.089,-0.092,0.182,0.034,1.16,0.401,0.017,0.216,1,0,1,0,1,0,1,0,0,1,0,0,1,0,1,0,0,1,0,0,1,0,0,0,0,1,0,0,0,0,0,0,1,0,0,0,0,0,1,0,0,1,0,0,0,0,1,0
-0.11117682890519688,-0.738,-0.617,-0.282,1.094,1.425,0.3052699816720622,-0.844,-1.288,1.234,-0.305,-0.536,-0.092,0.182,0.034,1.16,0.401,0.037,0.216,0,1,1,0,1,0,0,1,0,0,1,0,1,0,1,0,0,0,1,0,0,0,1,0,0,0,0,0,1,0,0,0,1,0,0,0,0,0,0,1,0,1,0,0,0,0,1,0
-0.557,-1.483,-1.092,-0.282,0.06,0.133,-1.196,0.879,0.537,-1.194,0.181,-0.536,-0.092,0.182,0.034,1.16,0.401,0.037,0.216,1,0,1,0,1,0,1,0,0,1,0,0,1,0,1,0,0,1,0,1,0,0,0,0,0,0,1,0,0,0,0,0,1,0,0,0,0,0,1,0,0,0,0,0,1,0,0,1
-0.557,-0.986,-0.127,1.44,-0.07,1.102,-0.13273449178731117,-0.698,1.085,0.479,0.609,0.276,-0.092,-0.002,-0.51,-0.394,0.401,-1.25,0.216,0,1,1,0,1,0,0,1,0,0,1,0,1,0,1,0,0,1,0,0,1,0,0,0,1,0,0,0,0,0,0,1,0,0,0,0,0,0,1,0,0,0,1,0,0,0,0,1
1.102,1.247,0.103,4.413,-0.07,1.425,-0.319,-0.844,-0.984,0.568,0.752,0.682,-0.092,0.182,-0.782,0.05,0.401,-0.605,0.216,0,1,1,0,1,0,1,0,0,0,1,0,1,0,1,0,0,0,1,0,1,0,0,0,0,1,0,0,0,0,0,0,1,0,0,0,0,0,0,1,0,1,0,0,0,0,0,1
-0.557,-1.359,1.067,2.457,0.835,-0.836,-0.099,-0.844,0.233,1.234,-0.305,1.089,-0.092,-1.102,1.121,1.16,0.401,0.682,0.216,1,0,1,0,1,0,1,0,0,1,0,0,1,0,1,0,0,1,0,1,0,0,0,0,0,0,0,0,0,1,0,0,1,0,0,0,0,0,1,0,0,0,0,0,1,0,1,0
2.76,-0.986,-0.617,0.501,-0.199,0.481,-0.319,1.478,0.918,-1.643,-0.276,0.682,-0.092,-1.193,-1.053,-0.394,0.401,-0.605,0.216,0,1,1,0,1,0,1,0,0,0,1,0,1,0,1,0,0,1,0,0,1,0,0,0,0,1,0,0,0,0,0,0,1,0,0,0,0,0,1,0,0,1,0,0,0,0,0,1
-0.058350298648164975,-0.0979597935830088,0.348,-0.282,0.189,-1.159,-0.099,0.13417258162362394,0.598,-0.19423152509768266,0.030182408430951792,-0.023586233376252028,-0.055826360374885364,0.915,-1.325,-0.13659783068990555,0.401,1.451,0.216,0,1,1,0,1,0,1,0,0,1,0,0,1,0,1,0,0,1,0,0,0,1,0,0,0,1,0,0,0,0,0,1,0,0,0,0,0,0,1,0,0,1,0,0,0,0,1,0
-0.557,0.503,3.701,0.031,0.189,0.456,-0.099,0.646,1.754,-0.834,0.066,-0.536,-0.092,-1.285,-0.782,-1.06,2.526,-1.853,0.216,0,1,1,0,1,0,1,0,0,0,1,0,1,0,1,0,0,1,0,1,0,0,0,0,0,0,0,0,0,1,0,1,0,0,0,0,0,0,1,0,0,1,0,0,0,0,0,1
-1.663,0.13,0.823,0.892,0.189,-0.513,0.997,-0.844,-0.071,0.443,0.952,-0.13,-0.092,0.182,-1.597,0.05,0.401,0.872,0.216,0,1,1,0,1,0,0,1,0,0,1,0,1,0,1,0,0,1,0,1,0,0,0,1,0,0,0,0,0,0,0,0,0,1,0,0,0,0,1,0,0,0,1,0,0,0,1,0
-1.11,-0.118,0.348,-1.064,-0.587,-2.451,-0.319,-0.844,2.058,0.568,0.752,-0.536,-0.092,0.182,-0.782,-1.06,0.401,2.247,0.216,0,1,1,0,1,0,0,1,0,1,0,0,1,0,1,0,0,1,0,0,1,0,0,0,0,1,0,0,0,0,0,0,1,0,0,0,0,0,0,0,1,1,0,0,0,0,1,0
3.037,0.379,-1.092,-0.673,0.447,0.133,2.093,-0.523,0.233,0.191,0.866,-0.536,-0.092,1.098,-0.238,1.16,-2.574,-0.605,0.216,1,0,1,0,1,0,1,0,0,1,0,0,1,0,1,0,0,1,0,0,0,1,0,0,0,0,0,1,0,0,0,1,0,0,0,0,0,0,0,1,0,1,0,0,0,0,0,1
-0.557,0.875,-0.127,-0.282,0.189,-2.774,0.15932856101609594,-0.377,0.537,-0.331,1.266,-0.536,-0.092,0.182,0.034,0.05,0.401,0.018,0.216,0,1,1,0,1,0,1,0,0,0,1,0,1,0,1,0,0,1,0,0,1,0,0,0,0,1,0,0,0,0,0,0,1,0,0,0,0,0,1,0,0,1,0,0,0,0,0,1
0.549,-0.738,0.348,-0.282,-0.328,1.425,-0.099,0.324,0.994,0.335,-1.162,-0.536,-0.092,0.182,0.034,0.05,0.401,0.872,0.216,0,1,1,0,1,0,1,0,0,0,1,0,1,0,1,0,0,1,0,1,0,0,0,0,0,0,1,0,0,0,0,0,1,0,0,0,0,0,1,0,0,0,0,1,0,0,1,0
1.655,0.627,0.348,0.501,1.094,-0.513,-0.538,0.689,-1.136,-0.924,0.123,0.682,-0.092,1.098,0.849,1.16,0.401,-1.853,0.216,1,0,1,0,1,0,1,0,0,1,0,0,1,0,0,1,0,0,1,0,1,0,0,0,0,1,0,0,0,0,0,1,0,0,0,0,0,0,0,1,0,1,0,0,0,0,1,0
-0.37369180318343403,-0.41790292933757894,-0.12999589214696372,0.501,0.577,0.024796187517368593,-0.319,-0.01540934273719164,1.754,-0.08880056591177006,0.11923627762738723,0.2678682718270819,-0.09257189368776941,0.182,0.034,-0.5275737406287695,0.401,1.89,0.216,0,1,1,0,1,0,1,0,0,1,0,0,1,0,1,0,0,0,1,1,0,0,0,0,0,0,0,0,0,0,1,1,0,0,0,0,0,0,1,0,0,1,0,0,0,0,1,0
-0.336,0.875,-0.617,0.501,-0.07,-1.159,-0.648,-0.844,-0.071,0.568,0.752,1.495,-0.092,0.182,0.034,-0.172,0.401,0.018,0.216,1,0,1,0,1,0,1,0,0,1,0,0,1,0,1,0,0,1,0,1,0,0,0,1,0,0,0,0,0,0,0,0,0,1,0,0,0,0,1,0,0,1,0,0,0,0,0,1
0.549,-0.986,-1.092,0.11,-0.845,0.133,-0.099,-0.099,1.146,-0.906,1.637,-0.536,-0.092,0.182,0.849,0.05,0.401,-1.25,0.216,0,1,1,0,1,0,1,0,0,0,1,0,1,0,1,0,0,0,1,1,0,0,0,0,0,0,0,0,0,0,1,0,1,0,0,0,0,0,1,0,0,1,0,0,0,0,0,1
-0.557,-0.862,-1.092,-1.064,-1.233,-0.513,-1.196,0.397,-0.953,-0.438,-0.076,0.276,-0.092,0.182,-0.238,-0.172,0.401,1.391,0.216,1,0,1,0,1,0,1,0,0,1,0,0,1,0,1,0,0,1,0,1,0,0,0,1,0,0,0,0,0,0,0,0,0,1,0,0,0,0,1,0,0,1,0,0,0,0,0,1
-0.557,-0.118,0.348,-1.846,-0.587,-2.451,-0.648,-0.844,2.058,0.568,0.752,0.276,-0.092,0.182,-1.325,-1.06,0.401,2.247,0.216,0,1,1,0,1,0,0,1,0,1,0,0,1,0,1,0,0,1,0,0,1,0,0,0,0,1,0,0,0,0,0,1,0,0,0,0,0,0,0,0,1,1,0,0,0,0,1,0
-1.663,-0.738,-0.617,1.283,-1.104,0.133,0.449,-0.844,1.146,0.568,0.752,-0.536,-0.092,0.182,0.034,-0.394,0.401,0.682,0.216,0,1,1,0,1,0,0,1,0,0,1,0,1,0,1,0,0,0,1,1,0,0,0,0,0,0,0,0,0,0,1,1,0,0,0,0,0,0,1,0,0,0,1,0,0,0,0,1
-0.004,0.379,-0.127,-1.064,1.482,0.133,-0.099,-0.844,0.537,0.568,0.752,-0.536,-0.092,1.098,0.034,-0.394,0.401,0.053,0.216,0,1,1,0,1,0,0,1,0,0,1,0,1,0,1,0,0,0,1,0,1,0,0,0,1,0,0,0,0,0,0,1,0,0,0,0,0,0,0,0,1,0,1,0,0,0,1,0
0.272,0.254,-0.617,1.283,0.189,-0.513,-1.196,-0.08557645944209713,0.081,-0.003272533942767263,0.08894359970960664,0.21262221203376813,-0.0479422112175103,-0.735,1.393,-0.22269126872594946,0.401,0.532,0.216,0,1,1,0,1,0,1,0,0,0,1,0,1,0,1,0,0,1,0,1,0,0,0,0,0,0,1,0,0,0,0,1,0,0,0,0,0,0,0,0,1,1,0,0,0,0,1,0
-1.663,0.006,0.823,0.501,-0.328,0.779,-0.648,1.946,1.298,-2.326,-0.105,0.682,-0.092,-2.201,-1.325,-1.06,-1.724,0.053,0.216,0,1,1,0,1,0,0,1,0,0,1,0,0,1,1,0,0,1,0,1,0,0,0,0,0,0,0,0,0,1,0,0,1,0,0,0,0,0,1,0,0,0,1,0,0,0,0,1
-0.557,-1.607,-0.34265041966898696,0.892,0.835,-0.513,-0.099,-0.216,0.233,-0.438,1.123,-0.536,-0.092,1.098,0.034,-1.06,0.401,0.019,0.216,0,1,0,1,1,0,0,1,0,0,1,0,1,0,1,0,0,1,0,0,1,0,0,0,0,1,0,0,0,0,0,1,0,0,0,0,0,0,0,1,0,1,0,0,0,0,0,1
1.655,-0.614,0.823,-0.03033941092841172,0.189,-0.513,2.093,0.967,-1.315,-0.744,-0.705,0.276,-0.092,0.548,0.034,0.827,0.401,2.247,0.216,1,0,1,0,1,0,1,0,0,1,0,0,1,0,0,1,0,1,0,0,0,1,0,0,0,0,0,1,0,0,0,0,0,1,0,0,0,0,0,1,0,0,0,0,0,1,1,0
1.655,-0.366,1.312,-1.064,-0.328,1.425,0.412990663706134,-0.026,-0.68,-0.007,0.066,-0.536,-0.092,0.182,-0.782,1.16,0.401,-1.21,-5.178,1,0,1,0,1,0,1,0,0,1,0,0,1,0,1,0,0,1,0,0,0,0,1,0,0,0,0,0,1,0,0,0,0,0,0,1,0,0,0,1,0,1,0,0,0,0,1,0
1.102,-0.49,1.312,-1.846,-1.104,0.04102658678626209,0.20515328062030486,1.215,-0.68,-0.924,-0.933,-0.536,-0.092,0.182,-1.325,1.16,-1.724,0.642,0.216,1,0,1,0,1,0,1,0,0,1,0,0,1,0,1,0,0,1,0,0,0,0,1,0,0,0,0,0,1,0,0,0,0,0,1,0,0,0,0,1,0,1,0,0,0,0,1,0
-0.557,-0.242,-0.127,-1.064,0.447,-0.513,-0.099,-0.844,0.994,1.719,-1.076,-0.13,-0.092,0.182,-0.238,-1.06,0.401,-1.853,-5.178,0,1,1,0,1,0,0,1,0,0,1,0,1,0,1,0,0,0,1,0,1,0,0,0,1,0,0,0,0,0,0,0,0,0,0,1,0,0,0,0,1,0,1,0,0,0,0,1
-1.386,0.379,3.226,0.11,-0.07,1.425,-0.648,-0.844,0.233,0.568,0.752,3.525,-0.092,-1.835,-0.51,-1.06,-1.724,0.033,0.216,0,1,1,0,1,0,0,1,0,0,1,0,1,0,1,0,0,1,0,1,0,0,0,0,0,0,1,0,0,0,0,0,1,0,0,0,0,0,0,0,1,0,1,0,0,0,0,1
0.272,0.254,0.348,-0.282,-0.845,0.133,-0.648,2.369,-0.984,-1.751,-1.847,-0.536,-0.092,0.182,-0.51,0.05,0.401,2.249,0.216,0,1,1,0,1,0,1,0,0,1,0,0,1,0,1,0,0,1,0,0,1,0,0,0,1,0,0,0,0,0,0,0,1,0,0,0,0,0,1,0,0,0,0,0,0,1,1,0
-1.663,0.875,0.823,0.736,-0.07,-0.513,-0.099,-0.844,0.994,0.568,0.752,3.525,-0.092,0.182,0.034,-1.06,-1.724,-2.602,0.216,0,1,1,0,1,0,0,1,0,0,1,0,1,0,1,0,0,1,0,0,1,0,0,0,1,0,0,0,0,0,0,1,0,0,0,0,0,0,0,0,1,0,1,0,0,0,0,1
-1.663,-0.118,-1.092,0.188,0.706,1.425,-0.21407057751313116,-0.844,1.754,0.568,0.752,1.089,-0.092,0.182,-0.238,-0.394,-1.724,-1.244,0.216,0,1,1,0,1,0,0,1,0,0,1,0,1,0,1,0,0,1,0,1,0,0,0,0,0,0,0,0,0,0,1,1,0,0,0,0,0,0,1,0,0,0,1,0,0,0,0,1
-0.557,1.371,-1.092,-1.299,1.611,-1.805,0.12,-0.026,1.45,-0.007,0.095,0.276,-0.092,0.182,0.034,-0.394,0.401,-0.605,0.216,0,1,1,0,1,0,0,1,0,0,1,0,1,0,1,0,0,1,0,0,1,0,0,0,0,1,0,0,0,0,0,0,1,0,0,0,0,0,0,0,1,1,0,0,0,0,0,1
-1.386,-0.49,-1.092,3.631,0.06,-2.128,-0.209,-0.844,1.112,0.443,0.952,1.495,-0.092,0.182,0.713,-1.06,0.401,-0.605,0.216,0,1,0,1,1,0,0,1,0,0,1,0,1,0,1,0,0,1,0,0,1,0,0,0,0,1,0,0,0,0,0,1,0,0,0,0,0,0,0,0,1,0,1,0,0,0,0,1
-1.663,0.627,1.312,-0.516,0.577,1.425,-0.099,0.733,-0.68,-0.331,-0.876,-0.536,14.35,0.365,0.577,1.16,-1.724,-0.605,0.216,1,0,1,0,1,0,1,0,0,1,0,0,1,0,1,0,0,0,1,1,0,0,0,0,0,0,0,0,0,0,1,0,0,0,0,0,1,0,1,0,0,0,1,0,0,0,0,1
-0.557,-1.111,-1.092,-0.673,-0.587,1.425,-0.648,0.324,0.842,0.335,-1.162,-0.536,-0.092,-0.185,-0.782,0.05,0.401,0.872,0.216,0,1,1,0,1,0,0,1,0,0,1,0,1,0,1,0,0,1,0,1,0,0,0,0,0,0,1,0,0,0,0,0,1,0,0,0,0,0,1,0,0,0,0,1,0,0,1,0
0.825,-1.731,-1.092,-0.282,-1.621,0.133,0.1713185997893279,1.098,-0.68,-0.007,1.037,-0.536,-0.092,-0.002,-0.51,1.16,0.401,-0.605,0.216,1,0,1,0,1,0,1,0,0,1,0,0,1,0,1,0,0,1,0,0,0,0,1,0,0,0,0,0,1,0,0,0,0,0,0,1,0,0,0,1,0,1,0,0,0,0,0,1
-0.557,0.006,-0.617,-0.282,-1.104,-2.451,-0.757,-0.771,-5.547,0.694,0.409,-0.536,-0.092,1.098,0.034,0.05,0.401,-0.605,0.216,0,1,1,0,1,0,1,0,0,0,1,0,1,0,1,0,0,0,1,0,1,0,0,0,0,1,0,0,0,0,0,0,1,0,0,0,0,0,1,0,0,1,0,0,0,0,0,1
-0.557,0.379,1.312,-0.282,-0.07,0.133,-1.196,-0.844,2.058,0.982,0.095,-0.536,-0.092,0.182,-0.782,-1.06,0.401,-0.605,0.216,0,1,1,0,1,0,0,1,0,0,1,0,1,0,1,0,0,1,0,1,0,0,0,0,0,0,1,0,0,0,0,1,0,0,0,0,0,0,1,0,0,0,1,0,0,0,1,0
0.2877721154332425,-1.483,0.348,0.501,-0.845,0.133,2.093,0.06258361384416183,-1.44,0.37425831454108544,-0.7300136290552616,-0.3986335663092358,0.14316865118689426,0.182,3.295,0.5013705356409851,0.401,0.712,-2.481,0,1,1,0,1,0,0,1,0,0,1,0,1,0,1,0,0,1,0,0,1,0,0,0,0,0,0,1,0,0,0,0,0,1,0,0,0,0,0,1,0,1,0,0,0,0,1,0
0.549,-1.111,-0.617,-0.282,1.482,1.425,0.449,-0.844,-0.527,-0.025,1.694,-0.536,-0.092,0.182,0.034,0.716,0.401,-0.605,0.216,1,0,1,0,1,0,1,0,0,0,0,1,1,0,1,0,0,1,0,0,1,0,0,0,1,0,0,0,0,0,0,1,0,0,0,0,0,0,1,0,0,0,0,0,0,1,0,1
-0.833,0.627,0.348,-1.064,0.447,-0.513,-0.319,-0.844,-0.375,0.568,0.752,0.276,-0.092,0.182,-1.325,1.16,-1.724,-0.605,0.216,1,0,1,0,1,0,1,0,0,1,0,0,1,0,0,1,0,1,0,0,1,0,0,0,1,0,0,0,0,0,0,0,1,0,0,0,0,0,0,1,0,1,0,0,0,0,0,1
-1.11,-1.111,0.348,0.423,-0.07,-1.805,0.12,-0.844,0.994,1.234,-0.305,-0.536,-0.092,-1.285,-0.238,-1.06,0.401,-0.272,0.216,0,1,1,0,1,0,0,1,0,0,1,0,1,0,1,0,0,1,0,0,1,0,0,0,0,1,0,0,0,0,0,0,1,0,0,0,0,0,1,0,0,1,0,0,0,0,0,1
-1.11,-1.235,-0.127,1.017,-0.07,0.133,2.093,0.266,-1.014,-0.241,-0.162,-0.536,-0.092,1.098,0.034,0.05,0.401,0.732,0.216,0,1,1,0,1,0,1,0,0,0,1,0,1,0,1,0,0,1,0,0,0,1,0,0,0,0,0,1,0,0,0,0,0,1,0,0,0,0,0,1,0,1,0,0,0,0,1,0
-1.386,-0.49,-0.127,0.579,1.223,-2.128,-0.319,-0.844,1.112,1.234,-0.305,-0.536,-0.092,-0.002,-0.51,-1.06,0.401,-0.605,0.216,0,1,0,1,1,0,0,1,0,0,1,0,1,0,1,0,0,1,0,0,1,0,0,0,0,1,0,0,0,0,0,0,0,0,0,1,0,0,0,0,1,0,1,0,0,0,0,1
0.549,-0.118,0.348,-0.282,-1.104,1.425,-0.099,0.616,-0.68,-1.014,0.409,-0.536,-0.092,0.731,0.034,0.716,0.401,0.724,0.216,1,0,1,0,1,0,1,0,0,1,0,0,1,0,1,0,0,1,0,1,0,0,0,1,0,0,0,0,0,0,0,0,0,1,0,0,0,0,1,0,0,1,0,0,0,0,1,0
-0.557,0.379,0.348,-0.282,1.223,0.133,-0.319,-0.844,-0.071,0.568,0.752,-0.536,-0.092,0.182,0.577,-1.06,-2.574,-0.605,0.216,0,1,1,0,1,0,0,1,0,0,1,0,1,0,1,0,0,1,0,0,1,0,0,0,1,0,0,0,0,0,0,1,0,0,0,0,0,0,0,1,0,0,1,0,0,0,0,1
-0.336,-1.111,-0.127,-0.673,-0.07,1.425,-0.319,-0.844,-0.071,1.09,-0.076,-0.536,-0.092,0.182,2.751,1.16,0.401,-0.605,0.216,1,0,1,0,1,0,1,0,0,0,0,1,1,0,1,0,0,0,1,0,1,0,0,0,0,1,0,0,0,0,0,1,0,0,0,0,0,0,0,0,1,1,0,0,0,0,0,1
-1.11,-1.111,-1.092,0.11,0.189,1.425,-0.538,-0.844,-0.071,1.234,-0.305,0.682,-0.092,0.182,2.751,1.16,0.401,-0.605,0.216,1,0,1,0,1,0,1,0,0,1,0,0,1,0,1,0,0,0,1,0,1,0,0,0,0,1,0,0,0,0,0,0,1,0,0,0,0,0,0,0,1,1,0,0,0,0,0,1
-0.28,0.379,0.348,-0.282,-1.104,0.04421043434419591,0.4829065314898745,1.113,-0.984,-1.356,-0.019,0.276,-0.092,0.182,0.034,5.598,2.526,-1.853,0.216,1,0,1,0,1,0,1,0,0,1,0,0,1,0,1,0,0,1,0,0,0,0,1,0,0,0,0,0,1,0,0,0,0,0,1,0,0,0,0,1,0,1,0,0,0,0,0,1
-1.663,-0.118,0.823,0.344,1.74,1.425,0.0004001484801747848,-0.844,1.754,0.515,0.752,0.276,-0.092,1.098,1.121,-0.394,-1.724,-1.244,0.216,0,1,1,0,1,0,0,1,0,0,1,0,1,0,1,0,0,1,0,1,0,0,0,0,0,0,0,0,0,0,1,0,1,0,0,0,0,0,1,0,0,0,1,0,0,0,0,1
0.17104484772882123,1.123,-1.092,-0.282,0.189,-0.513,2.093,0.12,-1.288,-0.133,-0.019,1.901,-0.092,1.098,0.305,-0.172,0.401,0.013,0.216,0,1,1,0,1,0,1,0,0,0,1,0,1,0,1,0,0,1,0,0,0,1,0,0,0,0,0,1,0,0,0,0,0,1,0,0,0,0,0,1,0,1,0,0,0,0,0,1
-0.833,-0.986,-1.092,0.501,-0.328,1.102,-0.06478870791366861,-0.844,1.085,1.234,-0.305,0.276,-0.092,0.915,0.577,-0.394,0.401,-1.25,0.216,0,1,1,0,1,0,0,1,0,0,1,0,1,0,1,0,0,1,0,0,1,0,0,0,1,0,0,0,0,0,0,0,1,0,0,0,0,0,1,0,0,0,1,0,0,0,0,1
-1.11,0.503,-0.617,-0.282,-1.104,-1.159,0.449,-0.844,0.537,0.568,0.752,-0.536,-0.092,0.182,1.393,-1.06,-1.724,-0.605,0.216,0,1,1,0,1,0,0,1,0,0,1,0,1,0,1,0,0,0,1,0,1,0,0,0,0,1,0,0,0,0,0,1,0,0,0,0,0,0,1,0,0,1,0,0,0,0,0,1
-0.28,0.13,-1.092,0.501,0.447,0.133,-0.099,-0.844,0.994,0.568,0.752,-0.536,-0.092,0.182,0.034,-0.394,0.401,1.391,0.216,0,1,1,0,1,0,0,1,0,0,1,0,1,0,1,0,0,1,0,0,1,0,0,0,0,1,0,0,0,0,0,0,1,0,0,0,0,0,0,0,1,1,0,0,0,0,1,0
0.438,-0.986,1.067,-0.673,-0.587,0.133,-0.867,0.485,0.233,0.209,-1.276,0.276,-0.092,-3.118,-2.14,0.05,0.401,0.037,0.216,0,1,1,0,1,0,1,0,0,0,1,0,1,0,1,0,0,1,0,0,1,0,0,0,0,1,0,0,0,0,0,0,1,0,0,0,0,0,1,0,0,1,0,0,0,0,0,1
1.102,-0.366,-0.617,2.066,-0.328,-2.451,-0.757,0.616,-0.68,0.784,-2.447,-0.536,-0.092,1.098,-0.238,0.05,0.401,-1.893,-5.178,0,1,1,0,1,0,1,0,0,1,0,0,1,0,1,0,0,1,0,0,1,0,0,0,0,1,0,0,0,0,0,1,0,0,0,0,0,0,1,0,0,0,0,0,0,1,0,1
-0.2275899679731514,0.379,-0.025048603987029797,0.11,-0.07,0.456,-0.099,-0.1974621475202526,0.842,0.15920957688369997,0.1571067136189916,0.331925541856795,0.024090855550662472,-2.201,0.034,-0.5188375195286741,0.401,-1.194,0.216,0,1,1,0,1,0,0,0,1,1,0,0,1,0,1,0,0,1,0,1,0,0,0,0,0,0,0,0,0,1,0,1,0,0,0,0,0,0,1,0,0,1,0,0,0,0,1,0
-0.557,-0.614,-1.092,-0.282,-1.363,0.133,-0.319,-0.844,-0.375,0.568,0.752,-0.536,-0.092,-2.568,0.034,-0.394,0.401,0.037,0.216,0,1,0,1,1,0,0,1,0,0,1,0,1,0,1,0,0,0,1,1,0,0,0,0,0,0,0,0,0,1,0,1,0,0,0,0,0,0,1,0,0,0,1,0,0,0,0,1
-0.557,0.379,0.823,-0.986,0.189,0.04265829156959464,-1.196,2.778,0.081,-2.578,-1.333,0.682,-0.092,0.182,-0.51,1.16,0.401,0.053,0.216,1,0,1,0,1,0,1,0,0,1,0,0,1,0,1,0,0,0,1,1,0,0,0,1,0,0,0,0,0,0,0,0,0,1,0,0,0,0,1,0,0,1,0,0,0,0,1,0
0.825,-0.986,-0.127,-0.203,-0.328,-1.159,0.01,0.12,-0.527,-0.133,-0.019,-0.536,-0.092,0.182,1.393,1.16,0.401,1.325,0.216,1,0,1,0,1,0,1,0,0,1,0,0,1,0,1,0,0,1,0,0,0,0,1,0,0,0,0,0,1,0,0,0,1,0,0,0,0,0,0,1,0,1,0,0,0,0,0,1
-0.557,0.627,0.823,-0.047,0.965,0.456,0.12,-0.844,0.994,0.568,0.752,4.337,-0.092,-0.368,-0.51,-1.06,-1.724,-0.605,0.216,0,1,1,0,1,0,0,1,0,0,1,0,1,0,1,0,0,1,0,1,0,0,0,0,0,0,0,0,0,1,0,1,0,0,0,0,0,0,1,0,0,0,1,0,0,0,0,1
2.207,-0.986,-1.092,0.501,-1.363,0.133,-0.099,1.42,-0.223,-1.284,-0.762,-0.536,-0.092,1.098,0.034,0.716,0.401,0.712,0.216,1,0,1,0,1,0,1,0,0,1,0,0,1,0,1,0,0,1,0,0,1,0,0,0,1,0,0,0,0,0,0,0,1,0,0,0,0,0,0,1,0,1,0,0,0,0,0,1
0.549,-0.614,-1.092,-0.595,-2.397,-0.513,-0.648,0.689,-0.223,-0.546,-0.505,0.276,-0.092,-0.002,-0.51,-1.504,0.401,-1.21,0.216,1,0,1,0,1,0,1,0,0,1,0,0,1,0,1,0,0,1,0,1,0,0,0,1,0,0,0,0,0,0,0,0,0,1,0,0,0,0,1,0,0,1,0,0,0,0,1,0
-0.28,-0.366,-1.092,-0.282,-0.328,0.779,-0.099,-0.319,0.689,0.82,-0.676,-0.536,-0.092,0.182,0.034,-1.06,0.401,-1.893,-5.178,0,1,0,1,1,0,0,1,0,0,1,0,1,0,1,0,0,0,1,1,0,0,0,0,0,0,0,0,0,1,0,0,1,0,0,0,0,0,1,0,0,0,1,0,0,0,0,1
-0.011439033872898456,0.627,0.348,2.301,0.189,1.425,0.12,0.04031419935762659,0.233,-0.14130546405021513,0.027216301904386748,0.2900119244034649,0.028376587081355924,-0.084552389867592,0.02063791202387763,-0.0790175865668209,0.401,1.391,0.216,0,1,1,0,1,0,0,0,1,1,0,0,1,0,1,0,0,1,0,1,0,0,0,0,0,0,1,0,0,0,0,1,0,0,0,0,0,0,1,0,0,1,0,0,0,0,0,1
1.102,-0.242,-1.092,0.188,-0.587,0.133,-0.757,-0.844,-0.527,0.568,0.752,-0.536,-0.092,0.182,1.936,-0.394,0.401,0.059,0.216,0,1,1,0,1,0,1,0,0,0,1,0,1,0,1,0,0,1,0,0,1,0,0,0,0,1,0,0,0,0,0,0,1,0,0,0,0,0,1,0,0,1,0,0,0,0,0,1
-0.833,-0.862,-1.092,0.892,1.611,0.133,-0.099,2.326,0.689,-2.183,-1.076,-0.536,-0.092,0.548,-0.51,0.05,0.401,0.872,0.216,0,1,1,0,1,0,1,0,0,0,1,0,1,0,1,0,0,1,0,0,1,0,0,0,1,0,0,0,0,0,0,0,1,0,0,0,0,0,1,0,0,1,0,0,0,0,1,0
-1.11,-0.862,-1.092,0.11,2.775,0.779,-0.099,-0.844,1.146,-0.438,2.351,-0.536,-0.092,-4.401,-2.684,-1.06,0.401,-0.605,0.216,0,1,0,1,1,0,0,1,0,0,1,0,1,0,1,0,0,1,0,1,0,0,0,0,0,0,0,0,0,0,1,0,0,0,0,1,0,0,1,0,0,0,1,0,0,0,1,0
-1.11,-0.366,0.348,-0.673,-0.587,0.133,-1.196,-0.844,1.222,1.234,-0.305,1.089,-0.092,-0.735,0.577,-0.394,0.401,0.642,-5.178,0,1,1,0,1,0,0,1,0,0,1,0,1,0,1,0,0,0,1,1,0,0,0,0,0,0,1,0,0,0,0,1,0,0,0,0,0,0,1,0,0,0,0,0,0,1,1,0
-0.004,0.379,-1.092,-0.282,0.189,0.456,-1.196,-0.844,0.537,0.568,0.752,-0.536,-0.092,-1.651,-1.053,-0.394,-1.724,1.611,0.216,0,1,1,0,1,0,0,1,0,0,1,0,1,0,1,0,0,1,0,1,0,0,0,0,0,0,0,0,0,1,0,0,1,0,0,0,0,0,1,0,0,0,1,0,0,0,0,1
1.655,-0.118,-0.617,-0.673,-1.104,0.133,1.545,1.434,-0.527,-1.769,-0.019,0.276,-0.092,0.182,0.034,1.16,0.401,-0.605,0.216,1,0,1,0,1,0,1,0,0,1,0,0,1,0,1,0,0,0,1,0,0,1,0,0,0,0,0,1,0,0,0,0,0,1,0,0,0,0,0,1,0,1,0,0,0,0,1,0
1.102,-1.731,-0.127,0.501,-0.458,-0.513,-1.196,-0.026,0.081,-0.007,0.095,-0.536,-0.092,-2.935,-0.646,-0.394,0.401,1.325,0.216,0,1,1,0,1,0,0,1,0,0,1,0,1,0,1,0,0,1,0,1,0,0,0,1,0,0,0,0,0,0,0,1,0,0,0,0,0,0,1,0,0,0,1,0,0,0,0,1
1.655,-0.986,-0.127,0.344,-2.785,0.133,-0.757,-0.669,-1.045,0.443,0.609,-0.536,-0.092,-1.835,1.936,-0.394,0.401,0.017,0.216,0,1,1,0,1,0,1,0,0,0,1,0,1,0,1,0,0,1,0,1,0,0,0,0,0,0,1,0,0,0,0,1,0,0,0,0,0,0,1,0,0,1,0,0,0,0,1,0
-1.663,-0.738,-1.092,0.11,-1.75,0.03098308069295187,-0.06876932395527253,0.017,-0.68,0.568,-0.933,-0.536,-0.092,0.182,2.208,-0.394,0.401,-0.605,0.216,0,1,1,0,1,0,0,1,0,0,1,0,1,0,1,0,0,0,1,0,0,0,1,0,0,0,0,0,1,0,0,0,0,0,0,1,0,0,0,1,0,0,1,0,0,0,1,0
2.484,-0.738,-1.092,0.11,0.189,-1.159,0.339,1.537,-0.427,-2.183,0.466,1.901,-0.092,0.182,0.034,1.16,0.401,1.325,0.216,0,1,1,0,1,0,1,0,0,1,0,0,1,0,1,0,0,1,0,0,1,0,0,0,0,1,0,0,0,0,0,1,0,0,0,0,0,0,0,1,0,1,0,0,0,0,0,1
-0.004,-0.986,0.348,3.631,0.706,-0.513,0.229,0.21848614733826693,-1.896,-0.16198374411055622,-0.25695654117902955,-0.536,-0.092,0.182,-1.325,1.16,0.401,0.642,0.216,1,0,1,0,1,0,1,0,0,0,0,1,1,0,1,0,0,1,0,0,1,0,0,0,1,0,0,0,0,0,0,1,0,0,0,0,0,0,0,1,0,1,0,0,0,0,0,1
-0.004,-1.111,-0.127,-1.064,1.352,0.133,-0.538,-0.844,-1.136,0.568,0.752,-0.13,-0.092,0.182,0.034,1.16,0.401,0.037,0.216,1,0,1,0,1,0,1,0,0,0,0,1,1,0,1,0,0,0,1,0,1,0,0,0,1,0,0,0,0,0,0,1,0,0,0,0,0,0,0,1,0,0,1,0,0,0,0,1
-0.5124825799158746,-0.681558139626104,-1.092,0.579,-0.328,-1.159,0.339,-0.1395193479759249,0.842,0.0427429182683389,0.298304633035807,0.14402092765323327,-0.13134707029773118,-4.401,-2.684,-1.0513006077157272,0.401,1.391,0.216,0,1,1,0,1,0,0,0,1,0,1,0,1,0,1,0,0,1,0,0,0,1,0,0,1,0,0,0,0,0,0,0,0,0,0,1,0,0,1,0,0,1,0,0,0,0,0,1
-1.386,0.379,-0.127,0.11,-0.07,1.425,-0.648,-0.844,0.233,0.568,0.752,3.525,-0.092,0.182,-1.325,-1.06,-1.724,-1.943,0.216,0,1,1,0,1,0,0,1,0,0,1,0,1,0,1,0,0,1,0,1,0,0,0,0,0,0,1,0,0,0,0,1,0,0,0,0,0,0,0,0,1,0,1,0,0,0,0,1
-0.557,-0.986,1.067,0.892,-0.845,-0.513,-1.196,0.485,0.537,0.209,-1.276,1.089,-0.092,0.182,-1.325,0.05,0.401,0.037,0.216,0,1,1,0,1,0,1,0,0,0,1,0,1,0,1,0,0,1,0,1,0,0,0,0,0,0,1,0,0,0,0,1,0,0,0,0,0,0,1,0,0,1,0,0,0,0,0,1
0.825,1.371,2.262,-0.673,2.128,0.133,-1.196,-0.844,0.385,0.568,0.752,-0.536,-0.092,-0.735,0.034,0.716,-1.724,-0.605,0.216,1,0,1,0,1,0,1,0,0,0,0,1,1,0,1,0,0,0,1,1,0,0,0,1,0,0,0,0,0,0,0,0,0,1,0,0,0,0,1,0,0,1,0,0,0,0,0,1
1.378,0.006,0.823,-0.125,-1.104,-0.513,-0.648,0.777,0.081,-0.924,-0.048,0.682,-0.092,0.182,-0.51,-0.172,-3.849,-0.605,0.216,1,0,1,0,1,0,1,0,0,1,0,0,1,0,1,0,0,0,1,1,0,0,0,1,0,0,0,0,0,0,0,0,0,1,0,0,0,0,1,0,0,1,0,0,0,0,1,0
-1.11,-0.986,1.312,-1.846,-0.458,0.133,0.04991778013715036,-0.844,0.537,1.234,-0.305,-0.536,-0.092,0.182,0.305,-1.06,0.401,-0.605,0.216,0,1,1,0,1,0,0,1,0,0,1,0,1,0,1,0,0,1,0,0,1,0,0,0,0,1,0,0,0,0,0,0,1,0,0,0,0,0,1,0,0,1,0,0,0,0,0,1
-0.28,-0.614,0.348,-1.064,-0.199,-0.513,1.216,1.464,0.081,-1.104,-1.133,2.713,-0.092,-1.651,-0.51,-0.172,0.401,-0.605,0.216,1,0,1,0,1,0,1,0,0,1,0,0,1,0,1,0,0,1,0,1,0,0,0,1,0,0,0,0,0,0,0,0,0,1,0,0,0,0,1,0,0,1,0,0,0,0,1,0
0.549,0.627,0.823,-0.595,-0.587,0.133,0.37109887530361285,0.251,-1.288,-0.331,0.038,-0.536,9.536,-0.002,-0.51,1.16,0.401,-1.244,0.216,1,0,1,0,1,0,1,0,0,1,0,0,1,0,0,1,0,1,0,0,0,0,1,0,0,0,0,0,1,0,0,0,0,0,1,0,0,0,0,1,0,1,0,0,0,0,1,0
-0.004,-0.862,0.348,0.11,-0.458,2.717,-1.196,1.215,-1.592,-0.924,-0.905,-0.536,-0.092,0.182,1.393,1.16,0.401,1.391,0.216,1,0,1,0,1,0,1,0,0,1,0,0,1,0,1,0,0,0,1,1,0,0,0,0,0,0,1,0,0,0,0,0,1,0,0,0,0,0,1,0,0,1,0,0,0,0,0,1
1.655,-0.118,0.348,-0.282,-0.845,0.133,-0.099,1.478,-0.375,-2.057,0.352,-0.13,-0.092,1.098,-1.325,1.16,-2.574,-0.605,0.216,1,0,1,0,1,0,1,0,0,1,0,0,1,0,1,0,0,1,0,0,1,0,0,0,0,1,0,0,0,0,0,1,0,0,0,0,0,0,0,1,0,1,0,0,0,0,0,1
0.05045327964370165,0.503,-1.092,1.283,2.128,-0.513,-0.428,-0.04664356755223817,-0.68,-0.09405951430801103,0.10103270321928129,0.011490031037323992,-0.04571105024374725,0.182,0.034,0.21577775353752016,0.401,0.642,0.216,0,1,1,0,1,0,0,1,0,0,1,0,1,0,1,0,0,1,0,0,0,1,0,0,1,0,0,0,0,0,0,0,1,0,0,0,0,0,0,1,0,1,0,0,0,0,0,1
-1.663,0.006,0.348,0.501,-1.104,0.456,-1.196,-0.844,1.298,0.568,0.752,-0.536,-0.092,-1.651,-1.053,-1.06,-1.724,0.053,0.216,0,1,1,0,1,0,0,1,0,0,1,0,1,0,1,0,0,1,0,1,0,0,0,0,0,0,0,0,0,1,0,1,0,0,0,0,0,0,1,0,0,0,1,0,0,0,0,1
0.549,-0.986,0.348,0.736,0.189,0.456,-0.099,-0.844,1.359,-0.007,1.666,4.337,-0.092,-1.651,1.393,-1.06,0.401,0.037,0.216,0,1,1,0,1,0,0,1,0,0,1,0,1,0,1,0,0,1,0,1,0,0,0,0,0,0,0,0,0,1,0,1,0,0,0,0,0,0,1,0,0,0,1,0,0,0,0,1
-0.004,-1.111,-1.092,-1.064,-0.458,1.425,-1.196,0.792,-0.071,-0.834,-0.219,2.713,-0.092,0.182,0.034,0.05,0.401,-0.605,0.216,0,1,1,0,1,0,1,0,0,0,1,0,1,0,1,0,0,1,0,1,0,0,0,0,0,0,1,0,0,0,0,1,0,0,0,0,0,0,0,0,1,1,0,0,0,0,0,1
-0.004,1.247,-1.092,-1.064,2.516,0.133,-0.099,-0.844,-0.68,0.568,0.752,0.276,-0.092,-0.002,-0.238,-1.06,0.401,-0.605,0.216,0,1,1,0,1,0,0,1,0,0,1,0,1,0,1,0,0,0,1,0,1,0,0,0,1,0,0,0,0,0,0,1,0,0,0,0,0,0,0,1,0,1,0,0,0,0,0,1
-1.939,-1.235,-0.127,1.737,0.189,0.133,2.093,-0.348,-1.014,0.209,0.352,-0.536,-0.092,1.098,0.034,0.05,0.401,0.018,0.216,0,1,1,0,1,0,1,0,0,0,1,0,1,0,1,0,0,1,0,0,0,1,0,0,0,0,0,1,0,0,0,1,0,0,0,0,0,0,0,1,0,1,0,0,0,0,0,1
0.549,-0.366,0.823,0.344,-1.104,0.029452513191255653,-0.099,-0.844,0.233,0.568,0.752,1.495,-0.092,0.182,0.577,-1.06,-2.574,-0.605,0.216,0,1,0,1,1,0,0,1,0,0,1,0,0,1,1,0,0,1,0,1,0,0,0,0,0,0,0,0,0,1,0,0,1,0,0,0,0,0,1,0,0,0,1,0,0,0,0,1
-0.557,0.379,-0.617,-0.282,0.189,0.133,-0.319,-0.844,-0.071,0.568,0.752,-0.536,-0.092,0.182,0.577,-1.06,-2.574,-0.605,0.216,0,1,1,0,1,0,0,1,0,0,1,0,1,0,1,0,0,1,0,0,1,0,0,0,1,0,0,0,0,0,0,0,1,0,0,0,0,0,0,1,0,0,1,0,0,0,0,1
2.484,-0.118,-1.567,0.892,-0.716,0.779,-1.196,1.8,-0.071,-1.445,-1.219,-0.536,-0.092,0.182,-0.51,-0.172,0.401,1.533,0.216,1,0,1,0,1,0,1,0,0,1,0,0,1,0,1,0,0,1,0,1,0,0,0,1,0,0,0,0,0,0,0,0,0,1,0,0,0,0,1,0,0,1,0,0,0,0,0,1
-0.004,-1.235,-1.092,-0.595,-0.587,1.425,0.12,2.223,1.45,-1.445,-2.047,1.089,-0.092,0.182,0.305,0.05,0.401,-1.25,0.216,0,1,1,0,1,0,1,0,0,0,1,0,1,0,1,0,0,1,0,1,0,0,0,0,0,0,0,0,0,0,1,0,1,0,0,0,0,0,1,0,0,0,0,1,0,0,0,1
1.655,1.123,-1.092,-0.282,0.189,0.133,2.093,0.675,-1.349,-1.517,1.123,-0.536,-0.092,1.098,0.034,0.716,0.401,0.692,0.216,1,0,1,0,1,0,1,0,0,1,0,0,1,0,1,0,0,1,0,0,0,1,0,0,0,0,0,1,0,0,0,1,0,0,0,0,0,0,0,1,0,1,0,0,0,0,0,1
0.549,-1.111,1.312,0.11,-0.716,-0.513,-1.196,-0.319,-0.071,0.82,-0.676,-0.536,-0.092,0.182,-0.238,-0.172,0.401,0.642,0.216,1,0,1,0,1,0,1,0,0,1,0,0,1,0,1,0,0,1,0,1,0,0,0,1,0,0,0,0,0,0,0,1,0,0,0,0,0,0,1,0,0,1,0,0,0,0,0,1
-0.294014810815643,-1.359,-0.127,0.814,-0.845,1.425,-0.538,-0.844,0.537,1.234,-0.305,-0.536,-0.092,0.182,0.034,1.16,0.401,0.682,0.216,0,1,1,0,1,0,1,0,0,1,0,0,1,0,1,0,0,0,1,1,0,0,0,0,0,0,1,0,0,0,0,1,0,0,0,0,0,0,1,0,0,0,0,0,1,0,1,0
-0.004,-0.862,-0.127,-0.986,-0.07,-0.513,-0.976,0.266,-0.953,-0.241,-0.162,-0.536,-0.092,0.182,-0.782,-0.172,0.401,2.245,0.216,1,0,1,0,1,0,1,0,0,1,0,0,1,0,1,0,0,1,0,1,0,0,0,1,0,0,0,0,0,0,0,1,0,0,0,0,0,0,1,0,0,1,0,0,0,0,1,0
2.76,-0.986,0.348,2.144,-0.07,-1.159,-0.319,1.259,0.918,-1.356,-0.305,1.495,-0.092,1.098,-0.238,-0.394,0.401,-0.605,0.216,0,1,1,0,1,0,1,0,0,0,1,0,1,0,1,0,0,1,0,0,1,0,0,0,0,1,0,0,0,0,0,1,0,0,0,0,0,0,1,0,0,1,0,0,0,0,0,1
-2.215,-1.607,-1.092,-1.846,-0.458,-0.513,-0.648,-0.844,-0.68,0.335,1.123,-0.536,-0.092,0.182,-0.374,-1.06,0.401,0.017,0.216,0,1,1,0,1,0,0,1,0,0,1,0,1,0,1,0,0,1,0,1,0,0,0,1,0,0,0,0,0,0,0,1,0,0,0,0,0,0,1,0,0,0,1,0,0,0,1,0
1.102,-0.242,-0.617,0.188,0.189,1.425,-0.099,4.385,0.385,-2.506,-4.589,-0.13,-0.092,0.548,0.034,1.16,-0.874,-0.605,0.216,1,0,1,0,1,0,1,0,0,1,0,0,1,0,1,0,0,0,1,1,0,0,0,1,0,0,0,0,0,0,0,0,0,1,0,0,0,0,1,0,0,1,0,0,0,0,0,1
-0.833,-1.111,-1.092,0.501,-1.104,-1.805,-0.319,-0.844,1.754,0.568,0.752,0.682,-0.092,1.098,-0.51,-1.06,0.401,0.682,0.216,0,1,1,0,1,0,0,1,0,0,1,0,1,0,1,0,0,1,0,0,1,0,0,0,0,1,0,0,0,0,0,1,0,0,0,0,0,0,0,0,1,0,1,0,0,0,0,1
0.272,0.875,0.823,-1.064,0.835,0.133,-0.319,1.566,-0.071,-1.284,-1.019,-0.536,-0.092,0.182,-1.325,0.05,0.401,2.249,0.216,0,1,1,0,1,0,1,0,0,1,0,0,1,0,1,0,0,1,0,0,1,0,0,0,1,0,0,0,0,0,0,1,0,0,0,0,0,0,1,0,0,0,0,0,0,1,1,0
-0.557,0.379,0.03794359179414111,-0.595,0.835,0.038933182649462945,-1.196,2.326,0.081,-2.183,-1.076,-0.536,-0.092,0.182,-0.51,1.16,-0.0508245445185452,0.14655706415747777,0.216,1,0,1,0,1,0,1,0,0,1,0,0,1,0,0,1,0,1,0,1,0,0,0,1,0,0,0,0,0,0,0,1,0,0,0,0,0,0,1,0,0,1,0,0,0,0,0,1
-0.004,0.379,0.823,-0.438,-1.104,0.133,2.093,1.055,-1.227,-0.241,-1.704,-0.536,-0.092,1.098,-0.238,-1.504,-1.724,0.772,0.216,1,0,1,0,1,0,1,0,0,1,0,0,1,0,1,0,0,0,1,0,0,1,0,0,0,0,0,1,0,0,0,0,0,1,0,0,0,0,0,1,0,0,0,0,0,1,0,1
0.825,-0.986,-0.127,-0.282,-0.975,0.133,-0.319,0.237,-0.984,-0.438,0.238,-0.536,-0.092,0.182,0.034,-0.172,0.401,-0.945,0.216,1,0,1,0,1,0,1,0,0,1,0,0,1,0,1,0,0,1,0,1,0,0,0,1,0,0,0,0,0,0,0,0,0,1,0,0,0,0,1,0,0,1,0,0,0,0,0,1
0.549,-0.118,-1.092,0.657,-0.458,0.133,-0.648,-0.362,0.081,-0.133,0.923,0.276,-0.092,0.548,-0.238,1.16,-1.724,-0.605,0.216,1,0,1,0,1,0,1,0,0,1,0,0,1,0,1,0,0,1,0,1,0,0,0,1,0,0,0,0,0,0,0,0,0,1,0,0,0,0,1,0,0,1,0,0,0,0,0,1
-0.004,0.379,1.312,-0.282,2.775,0.133,0.229,-0.508,0.537,0.209,0.666,-0.536,-0.092,0.64,-0.238,-0.394,-1.724,0.772,0.216,0,1,1,0,1,0,0,1,0,0,1,0,1,0,1,0,0,1,0,0,1,0,0,0,1,0,0,0,0,0,0,0,1,0,0,0,0,0,0,0,1,0,1,0,0,0,0,1
-1.11,-0.366,-0.617,0.501,-0.328,0.456,-0.099,0.456,0.233,-1.104,0.866,-0.536,-0.092,0.182,0.577,-1.06,0.401,0.037,0.216,0,1,1,0,1,0,0,1,0,0,1,0,1,0,1,0,0,1,0,1,0,0,0,0,0,0,0,0,0,1,0,1,0,0,0,0,0,0,1,0,0,0,1,0,0,0,1,0
-1.663,0.379,0.011145990474797854,-0.36,-0.845,2.717,-0.099,-0.319,0.842,0.82,-0.705,0.073,-0.092,0.182,0.577,-1.06,0.401,2.247,0.216,0,1,0,1,1,0,0,1,0,0,1,0,1,0,1,0,0,1,0,1,0,0,0,0,0,0,0,0,0,1,0,0,1,0,0,0,0,0,1,0,0,0,1,0,0,0,1,0
-0.5503089367870106,-1.111,-0.20985639518889695,0.579,-0.716,-0.513,-0.099,-0.844,0.537,1.126,-0.134,-0.536,-0.092,0.731,0.034,-1.06,0.16881601539606203,-0.044386033737641974,-0.42921865858783886,0,1,1,0,1,0,0,1,0,0,1,0,1,0,1,0,0,1,0,0,1,0,0,0,1,0,0,0,0,0,0,1,0,0,0,0,0,0,1,0,0,0,1,0,0,0,0,1
0.549,1.247,-0.127,-0.908,1.223,1.425,-0.209,-0.844,1.602,-0.546,2.522,0.48057617071684,-0.092,0.182,0.305,-1.06,0.401,-1.853,0.216,0,1,1,0,1,0,0,1,0,0,1,0,1,0,1,0,0,1,0,1,0,0,0,0,0,0,0,0,0,0,1,1,0,0,0,0,0,0,1,0,0,0,1,0,0,0,1,0
0.549,-0.118,1.312,-1.064,0.189,0.133,0.997,0.689,-0.375,-0.546,-0.505,-0.536,-0.092,0.182,0.034,0.716,0.401,0.393,0.216,1,0,1,0,1,0,1,0,0,1,0,0,1,0,1,0,0,1,0,1,0,0,0,1,0,0,0,0,0,0,0,1,0,0,0,0,0,0,1,0,0,1,0,0,0,0,1,0
-0.557,-0.986,-1.092,-1.455,-0.328,0.133,2.312,-0.202,-0.296,-0.115,0.58,-0.536,-0.092,1.098,0.034,1.16,0.401,-1.25,0.216,1,0,1,0,1,0,1,0,0,1,0,0,1,0,1,0,0,1,0,0,0,1,0,0,0,0,0,1,0,0,0,1,0,0,0,0,0,0,0,1,0,0,1,0,0,0,0,1
0.549,-0.986,-0.127,0.501,-0.458,1.425,-1.196,1.464,-0.68,-1.104,-1.105,-0.536,-0.092,0.182,0.034,0.716,0.401,0.037,0.216,1,0,1,0,1,0,1,0,0,1,0,0,1,0,1,0,0,1,0,1,0,0,0,1,0,0,0,0,0,0,0,1,0,0,0,0,0,0,1,0,0,1,0,0,0,0,1,0
2.207,-0.986,0.823,0.501,-0.458,1.425,0.12,2.472,-0.223,-1.823,-1.933,-0.536,-0.092,1.098,0.034,0.716,0.401,0.724,0.216,1,0,1,0,1,0,1,0,0,1,0,0,1,0,1,0,0,1,0,0,1,0,0,0,1,0,0,0,0,0,0,1,0,0,0,0,0,0,0,1,0,1,0,0,0,0,1,0
-0.004,0.503,0.348,0.579,0.447,0.133,-0.099,-0.844,1.754,0.568,0.752,-0.536,-0.092,-0.735,-0.51,-1.06,2.526,-1.853,0.216,0,1,1,0,1,0,1,0,0,0,1,0,1,0,1,0,0,1,0,1,0,0,0,0,0,0,0,0,0,1,0,0,1,0,0,0,0,0,1,0,0,1,0,0,0,0,0,1
-1.11,-0.986,1.312,-1.846,-0.458,0.133,0.04991778013715036,-0.844,0.537,1.234,-0.305,-0.536,-0.092,0.182,0.305,-1.06,0.401,-0.605,0.216,0,1,1,0,1,0,0,1,0,0,1,0,1,0,1,0,0,1,0,0,1,0,0,0,0,1,0,0,0,0,0,0,1,0,0,0,0,0,1,0,0,1,0,0,0,0,0,1
-0.557,-0.986,-0.127,0.501,2.258,1.425,-0.319,-0.844,-0.984,0.568,0.752,0.276,-0.092,1.098,-0.51,1.16,0.401,0.017,0.216,1,0,1,0,1,0,1,0,0,1,0,0,1,0,1,0,0,1,0,0,1,0,0,0,0,1,0,0,0,0,0,1,0,0,0,0,0,0,1,0,0,1,0,0,0,0,1,0
1.655,1.123,-0.127,-1.064,-0.328,-1.805,-0.099,0.66,0.233,-0.744,-0.134,1.495,-0.092,0.365,0.305,1.16,0.401,0.053,0.216,1,0,1,0,1,0,1,0,0,1,0,0,1,0,1,0,0,1,0,0,1,0,0,0,0,1,0,0,0,0,0,1,0,0,0,0,0,0,0,1,0,1,0,0,0,0,0,1
1.102,-0.862,-1.092,-0.282,-1.104,-0.513,-0.319,0.353,-0.375,-0.834,0.638,-0.536,-0.092,0.182,2.751,1.16,0.401,-0.605,0.216,1,0,1,0,1,0,1,0,0,1,0,0,1,0,1,0,0,1,0,0,1,0,0,0,0,1,0,0,0,0,0,1,0,0,0,0,0,0,0,1,0,1,0,0,0,0,1,0
-0.833,-1.359,-1.092,-1.064,0.189,-2.451,-0.757,-0.844,1.754,0.568,0.752,0.276,-0.092,0.182,-0.51,-1.06,0.401,0.682,0.216,0,1,1,0,1,0,0,1,0,0,1,0,1,0,1,0,0,1,0,0,1,0,0,0,0,1,0,0,0,0,0,0,1,0,0,0,0,0,0,0,1,0,1,0,0,0,0,1
-0.004,0.379,-0.617,-0.829,-1.492,0.133,1.545,0.952,-1.227,-0.744,-0.705,-0.536,-0.092,1.098,-1.053,-1.504,-1.724,0.772,0.216,1,0,1,0,1,0,1,0,0,1,0,0,1,0,1,0,0,0,1,0,0,1,0,0,0,0,0,1,0,0,0,1,0,0,0,0,0,0,0,1,0,0,0,0,0,1,0,1
0.15641752715571983,0.627,0.348,-0.986,0.447,-0.513,0.997,-0.09975260184928111,-0.071,0.046396797345978485,0.14264960395715304,-0.034690046266401056,0.04985656962059877,0.182,-0.238,0.1574903709949712,0.401,-1.224,0.216,0,1,1,0,1,0,0,0,1,1,0,0,1,0,1,0,0,1,0,1,0,0,0,1,0,0,0,0,0,0,0,0,0,1,0,0,0,0,0,0,1,1,0,0,0,0,0,1
-0.557,-0.614,0.823,0.423,-0.07,-1.159,0.339,-0.494,0.537,0.964,-0.562,-0.536,-0.092,-0.002,0.849,0.05,0.401,0.037,0.216,0,1,1,0,1,0,1,0,0,1,0,0,1,0,1,0,0,1,0,0,1,0,0,0,0,1,0,0,0,0,0,0,1,0,0,0,0,0,1,0,0,0,0,1,0,0,1,0
-0.557,0.627,0.348,0.892,0.189,0.03864392931315966,1.545,2.121,-1.288,-2.057,-0.876,-0.536,-0.092,1.098,-1.053,1.16,-1.724,-0.605,0.216,1,0,1,0,1,0,1,0,0,1,0,0,1,0,1,0,0,1,0,0,0,1,0,0,0,0,0,1,0,0,0,1,0,0,0,0,0,0,0,1,0,1,0,0,0,0,0,1
-0.557,-1.111,0.823,0.11,-1.88,-0.513,-1.196,0.689,-0.832,-0.546,-0.476,-0.536,-0.092,-0.735,-1.053,1.16,0.401,0.642,0.216,1,0,1,0,1,0,1,0,0,1,0,0,1,0,1,0,0,1,0,1,0,0,0,1,0,0,0,0,0,0,0,0,0,1,0,0,0,0,1,0,0,1,0,0,0,0,0,1
1.378,0.627,3.226,-1.221,-0.716,0.133,0.5584317361612723,-0.202,-1.288,-0.528,1.237,-0.536,-0.092,-0.735,-1.325,1.16,0.401,-1.244,0.216,1,0,1,0,1,0,1,0,0,1,0,0,1,0,0,1,0,1,0,0,0,0,1,0,0,0,0,0,1,0,0,0,0,0,0,1,0,0,0,1,0,1,0,0,0,0,1,0
-0.004,-1.607,-0.18788022294545492,-0.282,0.189,-0.513,-0.099,0.178,-0.68,0.443,-1.047,-0.536,-0.092,0.182,1.393,-1.06,0.401,0.037,0.216,0,1,1,0,1,0,0,1,0,0,1,0,1,0,1,0,0,1,0,0,1,0,0,0,1,0,0,0,0,0,0,1,0,0,0,0,0,0,0,0,1,0,1,0,0,0,0,1
0.549,0.254,0.348,0.892,1.482,0.133,0.09838436881800137,0.806,-1.592,-0.744,-0.419,-0.536,-0.092,0.182,-0.782,-1.504,-1.724,-0.605,0.216,1,0,1,0,1,0,1,0,0,1,0,0,1,0,1,0,0,1,0,0,0,0,1,0,0,0,0,0,1,0,0,0,0,0,0,0,0,1,0,1,0,0,0,0,0,1,0,1
0.272,1.371,0.823,-0.282,0.706,0.028474088498113004,0.25087248848275534,-0.026,-0.16541540647435607,0.101,-0.105,-0.536,-0.092,0.182,0.034,0.05,0.401,-1.264,0.216,0,1,1,0,1,0,0,1,0,0,1,0,1,0,1,0,0,1,0,0,0,0,1,0,0,0,0,0,1,0,0,0,0,0,0,0,0,1,0,1,0,0,0,1,0,0,1,0
0.549,-1.359,-0.617,-0.282,1.223,0.133,-0.099,-0.844,1.246,0.568,0.752,2.713,-0.092,1.098,0.034,-0.394,0.401,0.682,0.216,0,1,1,0,1,0,0,1,0,0,1,0,1,0,1,0,0,1,0,1,0,0,0,0,0,0,1,0,0,0,0,1,0,0,0,0,0,0,1,0,0,0,1,0,0,0,0,1
-0.004,0.503,-1.092,-1.064,-0.716,0.133,-0.099,-0.844,0.842,0.982,0.095,-0.536,-0.092,0.182,-0.51,-0.394,0.401,-1.244,0.216,0,1,1,0,1,0,0,1,0,0,1,0,1,0,1,0,0,1,0,1,0,0,0,0,0,0,1,0,0,0,0,1,0,0,0,0,0,0,1,0,0,0,1,0,0,0,1,0
-0.557,-0.986,-0.617,0.11,0.835,0.133,-0.648,-0.158,0.537,0.443,-0.391,-0.536,-0.092,0.182,0.034,-0.394,0.401,-1.25,0.216,0,1,1,0,1,0,0,1,0,0,1,0,1,0,1,0,0,0,1,0,1,0,0,0,1,0,0,0,0,0,0,1,0,0,0,0,0,0,1,0,0,0,1,0,0,0,0,1
1.102,0.627,0.348,4.413,0.189,0.779,0.449,0.08483868772308079,-0.527,-0.23709458442615816,0.11256559773400926,0.4217283290208989,0.05791852167347036,-0.552,-1.053,0.3079070067485372,0.401,-0.605,0.216,1,0,1,0,1,0,1,0,0,1,0,0,1,0,1,0,0,1,0,1,0,0,0,0,0,0,0,0,0,1,0,1,0,0,0,0,0,0,1,0,0,1,0,0,0,0,1,0
-0.833,-0.986,-1.092,0.344,0.189,-1.159,0.12,-0.844,1.754,1.234,-0.305,1.495,-0.092,0.182,-0.238,0.05,0.401,-1.25,0.216,0,1,1,0,1,0,1,0,0,0,1,0,1,0,1,0,0,1,0,0,1,0,0,0,0,1,0,0,0,0,0,0,0,1,0,0,0,0,1,0,0,1,0,0,0,0,0,1
1.102,0.627,1.787,-0.282,1.094,0.133,0.5752078220273799,-0.844,-1.744,1.234,-0.305,-0.536,-0.092,0.182,0.034,1.16,0.401,-1.244,0.216,1,0,1,0,1,0,0,1,0,0,1,0,1,0,1,0,0,1,0,0,0,0,1,0,0,0,0,0,1,0,0,0,0,0,0,0,1,0,0,1,0,1,0,0,0,0,1,0
0.549,0.254,0.348,0.501,-1.75,0.133,0.033362249095970783,1.464,-1.592,-1.104,-1.105,-0.536,-0.092,0.182,0.034,-1.504,-1.724,-1.903,0.216,1,0,1,0,1,0,1,0,0,1,0,0,1,0,1,0,0,1,0,0,0,0,1,0,0,0,0,0,1,0,0,0,0,0,0,1,0,0,0,1,0,0,0,0,0,1,0,1
-1.663,-0.738,-1.092,-1.064,-1.75,0.026577088591834174,0.10086740600859541,-0.844,-0.68,1.234,-0.305,-0.536,-0.092,0.182,-0.51,-0.394,0.401,-0.605,0.216,0,1,1,0,1,0,0,1,0,0,1,0,1,0,1,0,0,0,1,0,0,0,1,0,0,0,0,0,1,0,0,0,0,0,1,0,0,0,0,1,0,0,1,0,0,0,1,0
-0.557,-0.242,0.348,1.283,-0.458,-0.513,-0.099,-0.844,-0.68,0.568,0.752,-0.536,-0.092,0.182,-0.917,-0.394,0.401,1.311,0.216,0,1,1,0,1,0,0,1,0,0,1,0,1,0,1,0,0,1,0,1,0,0,0,1,0,0,0,0,0,0,0,1,0,0,0,0,0,0,1,0,0,1,0,0,0,0,1,0
0.549,0.627,0.348,-0.282,0.189,-2.774,-0.538,-0.15332459778282528,0.385,0.03966697606516226,0.21670334776712608,0.10411903454709623,-0.06531766483619994,0.182,1.393,-0.22230157629054154,0.401,-0.035,0.216,0,1,1,0,1,0,1,0,0,0,1,0,1,0,1,0,0,1,0,0,1,0,0,0,0,1,0,0,0,0,0,0,1,0,0,0,0,0,0,0,1,1,0,0,0,0,0,1
-1.441,-1.111,-0.617,0.501,-1.104,-0.513,1.654,-0.844,-1.44,0.82,0.352,-0.536,-0.092,1.098,0.034,-0.172,0.401,-0.605,0.216,0,1,1,0,1,0,1,0,0,0,1,0,1,0,1,0,0,0,1,0,0,1,0,0,0,0,0,1,0,0,0,1,0,0,0,0,0,0,0,1,0,1,0,0,0,0,0,1
-0.557,0.751,0.348,0.501,0.965,0.456,-0.099,-0.03541677182244378,-0.375,0.026661092834488417,-0.0599909051283299,0.1086642704178077,0.05461725053650525,0.182,0.034,0.07482269340979904,0.401,-0.019,0.216,0,1,1,0,1,0,1,0,0,1,0,0,1,0,1,0,0,1,0,1,0,0,0,0,0,0,0,0,0,1,0,1,0,0,0,0,0,0,1,0,0,1,0,0,0,0,0,1
0.549,-0.49,-1.092,0.657,-0.587,0.133,-0.319,0.733,0.537,-0.403,-0.79,-0.536,-0.092,0.182,0.849,-1.06,0.401,-0.605,0.216,0,1,1,0,1,0,0,1,0,0,1,0,1,0,1,0,0,1,0,0,1,0,0,0,1,0,0,0,0,0,0,0,1,0,0,0,0,0,1,0,0,0,1,0,0,0,0,1
-0.004,-1.111,1.312,0.501,0.577,-0.513,-0.099,-0.844,0.385,0.568,0.752,-0.536,-0.092,0.182,0.034,1.16,0.401,0.682,0.216,1,0,1,0,1,0,1,0,0,1,0,0,1,0,1,0,0,0,1,0,1,0,0,0,1,0,0,0,0,0,0,0,1,0,0,0,0,0,0,1,0,0,1,0,0,0,0,1
0.549,-0.986,-0.127,1.283,-0.845,-0.513,-0.099,1.245,-0.68,-1.445,-0.134,-0.536,-0.092,0.182,0.034,-0.172,0.401,-1.25,0.216,1,0,1,0,1,0,1,0,0,1,0,0,1,0,1,0,0,1,0,1,0,0,0,1,0,0,0,0,0,0,0,0,0,1,0,0,0,0,1,0,0,1,0,0,0,0,0,1
0.10623654200258596,0.254,0.348,-0.908,-0.845,1.425,-0.319,0.08654700539253232,-0.68,-0.03194609540613558,-0.17954883379575687,-0.14747788085034305,0.09174934247335784,0.548,1.393,0.29491739356088303,0.401,0.612,0.216,0,1,1,0,1,0,0,0,1,0,0,1,1,0,1,0,0,1,0,0,0,1,0,0,0,1,0,0,0,0,0,1,0,0,0,0,0,0,0,1,0,1,0,0,0,0,0,1
0.549,1.247,0.823,-1.846,-0.845,1.425,1.106,-0.844,1.602,0.568,0.752,0.21728788070189695,-0.092,-0.735,0.034,-1.06,-1.724,0.433,0.216,0,1,1,0,1,0,0,1,0,0,1,0,1,0,1,0,0,1,0,1,0,0,0,0,0,0,0,0,0,0,1,0,0,0,0,0,1,0,1,0,0,0,1,0,0,0,0,1
-0.004,0.627,-0.617,0.501,-1.88,0.133,0.02587111655013278,0.777,-1.44,-0.025,-1.504,-0.536,-0.092,0.182,-1.325,-1.504,0.401,0.053,0.216,1,0,1,0,1,0,1,0,0,1,0,0,1,0,1,0,0,1,0,0,0,0,1,0,0,0,0,0,1,0,0,0,0,0,1,0,0,0,0,1,0,1,0,0,0,0,1,0
-0.557,-0.986,-0.127,0.501,0.189,-0.836,-0.099,-0.026,0.233,-0.007,0.095,-0.536,-0.092,-0.368,0.849,-1.06,0.401,0.037,0.216,0,1,1,0,1,0,0,1,0,0,1,0,1,0,1,0,0,1,0,1,0,0,0,0,0,0,0,0,0,1,0,0,1,0,0,0,0,0,1,0,0,0,1,0,0,0,0,1
-0.557,-1.111,-1.092,-0.282,-1.75,0.133,2.641,-0.844,-0.527,1.234,-0.305,-0.536,-0.092,0.182,0.034,1.16,0.401,-1.25,0.216,1,0,1,0,1,0,1,0,0,1,0,0,1,0,1,0,0,0,1,0,0,1,0,0,0,0,0,1,0,0,0,0,0,1,0,0,0,0,0,1,0,1,0,0,0,0,0,1
-1.386,-0.738,-0.617,-1.064,1.999,-0.513,-0.648,-0.844,-0.071,1.989,-1.504,-0.536,-0.092,-0.552,0.034,-1.06,0.401,-0.605,0.216,0,1,1,0,1,0,0,1,0,0,1,0,1,0,1,0,0,1,0,0,1,0,0,0,1,0,0,0,0,0,0,1,0,0,0,0,0,0,1,0,0,0,1,0,0,0,0,1
-1.663,0.875,2.751,-0.282,2.516,0.133,-0.099,-0.844,1.45,0.568,0.752,1.901,-0.092,-0.277,0.034,-1.06,-1.724,-0.605,0.216,0,1,1,0,1,0,0,1,0,0,1,0,1,0,1,0,0,1,0,1,0,0,0,0,0,0,1,0,0,0,0,0,1,0,0,0,0,0,1,0,0,0,1,0,0,0,0,1
1.655,-0.242,0.823,-0.36,-0.199,0.133,-0.428,-0.844,-0.527,0.568,0.752,-0.536,-0.092,0.182,-0.782,-0.394,0.401,0.059,0.216,0,1,1,0,1,0,1,0,0,0,1,0,1,0,1,0,0,1,0,0,1,0,0,0,0,1,0,0,0,0,0,1,0,0,0,0,0,0,1,0,0,1,0,0,0,0,0,1
0.825,0.503,0.823,-1.064,-1.104,-0.513,2.641,0.31,-0.68,0.335,-1.179,1.089,-0.092,1.098,-0.51,1.16,2.526,-1.853,0.216,1,0,1,0,1,0,1,0,0,1,0,0,1,0,1,0,0,0,1,0,0,1,0,0,0,0,0,1,0,0,0,0,0,1,0,0,0,0,0,1,0,0,1,0,0,0,0,1
-1.663,-1.111,-1.092,0.031,-1.88,0.779,-0.30705567183799753,-0.844,-1.212,1.324,-0.448,-0.536,-0.092,-2.568,0.849,-0.172,0.401,0.872,0.216,0,1,1,0,1,0,0,1,0,0,1,0,1,0,1,0,0,1,0,0,0,0,1,0,0,0,0,0,1,0,0,0,0,0,0,1,0,0,0,1,0,1,0,0,0,0,1,0
-0.557,-1.979,-0.617,2.066,0.835,-0.513,-0.099,-0.844,0.537,1.234,-0.305,-0.536,-0.092,0.182,-0.238,-1.06,0.401,0.018,0.216,0,1,1,0,1,0,0,1,0,0,1,0,1,0,1,0,0,1,0,0,1,0,0,0,1,0,0,0,0,0,0,0,1,0,0,0,0,0,0,0,1,0,1,0,0,0,1,0
-0.557,-0.614,0.348,-0.282,-1.104,0.133,2.093,-0.844,-0.071,-0.313,2.151,-0.536,-0.092,0.182,0.034,1.16,0.401,-0.605,0.216,1,0,1,0,1,0,1,0,0,1,0,0,1,0,1,0,0,1,0,0,0,1,0,0,0,0,0,1,0,0,0,1,0,0,0,0,0,0,0,1,0,1,0,0,0,0,1,0
-0.004,-0.118,-1.092,-0.673,-1.104,0.133,1.216,-0.07,-0.375,-0.546,1.009,-0.536,-0.092,1.098,-0.51,1.16,2.526,-0.605,0.216,1,0,1,0,1,0,1,0,0,1,0,0,1,0,0,1,0,1,0,0,0,1,0,0,0,0,0,1,0,0,0,0,0,1,0,0,0,0,0,1,0,1,0,0,0,0,0,1
0.10221445451739504,1.992,0.348,-0.203,0.189,0.133,-0.319,-0.00751395609247167,-0.132,-0.11800570886347182,0.10882113547366026,0.040976276370614836,0.04268904793077542,0.182,0.034,-0.08794656987965553,0.401,0.642,0.216,0,1,1,0,1,0,0,1,0,0,1,0,1,0,1,0,0,1,0,0,0,1,0,0,0,1,0,0,0,0,0,0,1,0,0,0,0,0,0,1,0,1,0,0,0,0,0,1
0.4056082134510142,-0.986,-1.092,-0.125,-0.07,0.133,0.12,0.353,-0.984,-0.834,0.638,0.276,-0.092,0.548,2.208,1.16,0.401,0.642,0.216,0,1,1,0,1,0,1,0,0,1,0,0,1,0,1,0,0,1,0,0,1,0,0,0,0,1,0,0,0,0,0,1,0,0,0,0,0,0,0,1,0,1,0,0,0,0,1,0
2.207,-0.49,1.312,-2.629,-1.363,0.03167803222640843,0.6284720320553566,-0.844,-0.68,0.568,0.752,-0.536,-0.092,0.731,-0.51,1.16,-1.724,0.642,0.216,1,0,1,0,1,0,1,0,0,1,0,0,1,0,1,0,0,1,0,0,0,0,1,0,0,0,0,0,1,0,0,0,0,0,0,1,0,0,0,1,0,1,0,0,0,0,1,0
-1.663,0.254,0.823,-1.064,0.835,0.133,-0.099,1.347,1.42,-1.014,-1.019,-0.536,-0.092,-0.735,1.393,-0.394,0.401,1.531,0.216,0,1,1,0,1,0,0,1,0,0,1,0,1,0,1,0,0,0,1,1,0,0,0,0,0,0,1,0,0,0,0,1,0,0,0,0,0,0,1,0,0,0,1,0,0,0,1,0
-0.2749902064470056,0.379,-1.092,-1.064,0.189,-2.128,0.339,-0.348,0.233,0.209,0.352,-0.536,-0.092,0.182,0.849,-1.06,0.401,0.732,0.216,0,1,1,0,1,0,0,1,0,1,0,0,1,0,1,0,0,0,1,0,1,0,0,0,0,1,0,0,0,0,0,1,0,0,0,0,0,0,1,0,0,1,0,0,0,0,1,0
-0.557,-0.986,-0.617,0.188,0.318,-1.159,0.339,-0.844,1.754,1.234,-0.305,1.495,-0.092,-0.18620973066962704,-0.238,0.05,0.401,-1.25,0.216,0,1,1,0,1,0,1,0,0,0,1,0,1,0,1,0,0,1,0,0,1,0,0,0,0,1,0,0,0,0,0,1,0,0,0,0,0,0,1,0,0,1,0,0,0,0,0,1
-0.004,1.123,0.348,0.501,1.223,0.133,0.229,-0.844,-0.984,0.209,1.323,-0.536,-0.092,0.915,0.305,1.16,0.401,0.037,0.216,1,0,1,0,1,0,1,0,0,1,0,0,1,0,1,0,0,1,0,0,1,0,0,0,1,0,0,0,0,0,0,0,1,0,0,0,0,0,0,1,0,0,1,0,0,0,1,0
-0.557,-0.49,0.823,7.152,-0.07,0.779,-0.099,0.441,0.842,-0.133,-0.648,5.961,-0.092,-0.185,0.034,1.16,0.401,-0.605,0.216,1,0,1,0,1,0,1,0,0,1,0,0,1,0,1,0,0,1,0,1,0,0,0,0,0,0,1,0,0,0,0,1,0,0,0,0,0,0,1,0,0,0,0,0,1,0,0,1
0.549,-0.986,-1.092,0.501,0.447,0.779,-0.099,-0.844,1.359,-0.007,1.666,4.337,-0.092,-0.735,0.034,-1.06,0.401,0.037,0.216,0,1,1,0,1,0,0,1,0,0,1,0,1,0,1,0,0,1,0,1,0,0,0,0,0,0,0,0,0,1,0,0,1,0,0,0,0,0,1,0,0,0,1,0,0,0,0,1
-0.557,0.875,-1.092,0.11,0.706,-1.805,-0.648,0.47,0.537,-0.51,-0.105,1.495,-0.092,1.098,0.305,0.05,0.401,0.018,0.216,0,1,1,0,1,0,1,0,0,0,1,0,1,0,1,0,0,0,1,0,1,0,0,0,0,1,0,0,0,0,0,1,0,0,0,0,0,0,1,0,0,1,0,0,0,0,0,1
1.378,0.006,-0.127,0.188,0.318,0.133,-0.648,0.587,0.081,-1.194,0.752,-0.536,-0.092,0.548,-1.053,-0.172,-3.849,-0.605,0.216,1,0,1,0,1,0,1,0,0,1,0,0,1,0,1,0,0,0,1,1,0,0,0,1,0,0,0,0,0,0,0,1,0,0,0,0,0,0,1,0,0,1,0,0,0,0,1,0
-1.11,-0.862,0.348,0.501,0.189,1.425,0.12,0.178,-1.288,0.443,-1.047,-0.536,-0.092,1.098,0.034,-1.504,0.401,0.017,0.216,0,1,1,0,1,0,1,0,0,0,1,0,1,0,1,0,0,1,0,0,1,0,0,0,1,0,0,0,0,0,0,1,0,0,0,0,0,0,0,1,0,1,0,0,0,0,0,1
-0.557,-0.862,-1.092,0.579,-0.07,1.102,-0.099,-0.026,-0.071,-0.007,0.095,-0.536,-0.092,-0.735,0.034,0.05,0.401,0.037,0.216,0,1,1,0,1,0,1,0,0,0,1,0,1,0,1,0,0,1,0,1,0,0,0,0,0,0,0,0,0,0,1,0,1,0,0,0,0,0,1,0,0,0,0,1,0,0,0,1
-1.11,-0.366,-0.617,0.501,0.965,-0.836,-0.099,1.507,0.233,-1.985,0.209,-0.536,-0.092,0.182,1.393,-1.06,0.401,0.037,0.216,0,1,1,0,1,0,0,1,0,0,1,0,1,0,1,0,0,1,0,1,0,0,0,0,0,0,0,0,0,1,0,0,1,0,0,0,0,0,1,0,0,0,1,0,0,0,1,0
-0.557,-1.111,0.823,0.501,-0.07,-0.513,-1.196,-0.844,-0.832,1.234,-0.305,-0.536,-0.092,0.182,0.034,1.16,0.401,0.642,0.216,1,0,1,0,1,0,1,0,0,1,0,0,1,0,1,0,0,1,0,1,0,0,0,1,0,0,0,0,0,0,0,1,0,0,0,0,0,0,1,0,0,1,0,0,0,0,0,1
-0.011427670531454812,-0.49,-1.092,-0.282,0.835,-1.159,-0.757,-0.21046826178090774,-1.075,0.2407457793361495,0.003707861529595357,-0.06481240939796744,-0.014689625379114661,-1.102,1.936,0.1578151138532462,0.401,-1.224,0.216,0,1,1,0,1,0,0,0,1,1,0,0,1,0,1,0,0,1,0,0,0,1,0,0,0,1,0,0,0,0,0,1,0,0,0,0,0,0,0,1,0,1,0,0,0,0,1,0
-1.11,0.627,-0.127,-0.203,0.318,0.133,0.12,-0.11277045455178533,0.537,0.10499719356066466,0.04948749253458966,0.15697043303699257,0.005468004472269007,0.182,0.034,-0.3330002636992793,0.401,-0.019,0.216,0,1,1,0,1,0,0,1,0,0,1,0,1,0,1,0,0,1,0,0,1,0,0,0,0,1,0,0,0,0,0,0,0,0,0,1,0,0,0,0,1,1,0,0,0,0,0,1
0.549,0.999,1.312,-1.846,1.74,-0.513,1.983,-0.844,-1.592,0.568,0.752,-0.536,-0.092,1.098,0.305,1.16,-1.724,-0.605,0.216,1,0,1,0,1,0,1,0,0,0,0,1,1,0,1,0,0,1,0,0,0,1,0,0,0,0,0,1,0,0,0,0,0,1,0,0,0,0,0,1,0,1,0,0,0,0,0,1
0.09275901057795227,1.123,0.348,-0.282,0.447,-1.159,-0.976,-0.040850010738364174,-0.071,0.003376401959414639,0.038841751880136846,0.13220375999900427,0.026766978691428495,0.182,0.034,-0.043658240336571646,0.401,-1.244,0.216,0,1,1,0,1,0,0,0,1,1,0,0,1,0,1,0,0,1,0,1,0,0,0,1,0,0,0,0,0,0,0,0,0,1,0,0,0,0,0,0,1,1,0,0,0,0,1,0
-0.833,-0.118,-0.019389683766223114,0.11,2.128,-0.513,-0.538,-0.844,1.602,1.234,-0.305,-0.13,-0.092,0.365,-1.053,-1.06,0.401,0.682,0.216,0,1,1,0,1,0,0,1,0,0,1,0,1,0,1,0,0,1,0,0,1,0,0,0,0,1,0,0,0,0,0,1,0,0,0,0,0,0,0,0,1,0,1,0,0,0,0,1
0.46421310892282996,1.123,0.1455689969761483,-0.282,-0.07,-0.513,0.339,1.347,-0.223,-1.014,-1.019,-0.536,-0.092,0.182,0.034,-0.394,-0.15356161720786177,0.04512229552712581,0.216,0,1,1,0,1,0,0,1,0,0,1,0,1,0,1,0,0,1,0,0,1,0,0,0,1,0,0,0,0,0,0,1,0,0,0,0,0,0,0,1,0,0,1,0,0,0,0,1
-0.557,-0.118,-0.617,-1.064,-1.104,0.133,1.545,-0.844,-0.071,0.82,0.352,-0.536,-0.092,0.182,0.034,1.16,0.401,-0.605,0.216,1,0,1,0,1,0,1,0,0,1,0,0,1,0,1,0,0,0,1,0,0,1,0,0,0,0,0,1,0,0,0,0,0,1,0,0,0,0,0,1,0,1,0,0,0,0,1,0
1.102,-0.118,-2.056,-1.064,0.189,-0.513,0.12,0.324,0.537,0.784,-1.876,-0.536,-0.092,0.182,-0.238,0.05,0.401,-1.893,-5.178,0,1,1,0,1,0,1,0,0,0,1,0,1,0,1,0,0,0,1,0,1,0,0,0,1,0,0,0,0,0,0,0,0,0,0,1,0,0,1,0,0,1,0,0,0,0,0,1
-1.386,-0.986,-1.092,-1.846,0.189,0.133,-0.319,-0.844,-0.984,1.234,-0.305,-0.536,-0.092,-4.401,-2.684,-1.06,0.401,-0.605,0.216,0,1,1,0,1,0,0,1,0,0,1,0,1,0,1,0,0,0,1,0,1,0,0,0,1,0,0,0,0,0,0,0,0,0,0,1,0,0,1,0,0,0,1,0,0,0,0,1
-0.557,1.123,-1.092,-0.282,0.189,-0.513,2.093,-0.844,-1.288,0.568,0.752,-0.536,-0.092,1.098,-1.053,-0.172,0.401,0.013,0.216,0,1,1,0,1,0,1,0,0,0,1,0,1,0,1,0,0,1,0,0,0,1,0,0,0,0,0,1,0,0,0,1,0,0,0,0,0,0,0,1,0,1,0,0,0,0,0,1
0.549,-1.111,0.348,1.283,1.223,0.133,-0.099,-0.844,-0.68,1.234,-3.161,1.495,-0.092,0.365,0.034,0.716,0.401,0.642,0.216,1,0,1,0,1,0,1,0,0,1,0,0,1,0,1,0,0,0,1,0,1,0,0,0,1,0,0,0,0,0,0,1,0,0,0,0,0,0,1,0,0,0,0,0,0,1,0,1
0.825,0.379,2.262,0.736,1.482,0.133,0.777,-0.844,-0.071,1.234,-0.019,-0.536,-0.092,0.915,0.305,-0.394,-1.724,-0.605,0.216,1,0,1,0,1,0,0,1,0,1,0,0,1,0,1,0,0,0,1,0,1,0,0,0,1,0,0,0,0,0,0,0,1,0,0,0,0,0,1,0,0,0,1,0,0,0,0,1
-0.5828089371047961,1.123,0.03272852019234769,-0.36,-0.328,1.425,-0.099,-0.14765323116332366,2.058,-0.011468976404103149,0.2927756857369956,0.35997250420435695,-0.033322658967068326,-3.484,-1.325,-1.2357518332279993,0.401,1.89,0.216,0,1,1,0,1,0,1,0,0,1,0,0,1,0,1,0,0,1,0,1,0,0,0,0,0,0,0,0,0,0,1,0,1,0,0,0,0,0,1,0,0,1,0,0,0,0,1,0
-0.557,0.875,-1.092,1.283,-0.458,-3.453,-0.099,-0.844,0.233,0.568,0.752,-0.536,-0.092,0.365,1.121,-1.06,0.401,0.038,0.216,0,1,1,0,1,0,0,1,0,0,1,0,1,0,1,0,0,0,1,1,0,0,0,0,0,0,0,0,0,1,0,1,0,0,0,0,0,0,1,0,0,1,0,0,0,0,0,1
0.825,-0.738,-1.092,-0.047,-0.845,0.133,0.07076144512884375,0.967,-0.68,-0.744,-0.705,-0.536,-0.092,0.182,0.034,1.16,0.401,1.325,0.216,1,0,1,0,1,0,1,0,0,1,0,0,1,0,1,0,0,1,0,0,0,0,1,0,0,0,0,0,1,0,0,0,0,0,0,1,0,0,0,1,0,1,0,0,0,0,0,1
0.015009648848700471,-0.614,0.348,1.283,0.189,-2.451,-0.648,0.043642360906474754,-0.375,0.09353376564851189,-0.33666622151261316,-0.004120147649307571,0.014332091471271284,0.182,1.393,-0.6815943456573714,-3.849,2.928,-2.481,0,1,1,0,1,0,0,1,0,0,1,0,1,0,1,0,0,1,0,0,0,1,0,0,0,1,0,0,0,0,0,1,0,0,0,0,0,0,0,1,0,1,0,0,0,0,1,0
-0.557,2.24,-1.092,-0.673,-0.328,-0.513,-0.976,-0.844,-1.744,0.568,0.752,-0.13,-0.092,0.182,0.034,0.05,0.401,-0.605,0.216,0,1,1,0,1,0,1,0,0,0,1,0,1,0,1,0,0,1,0,0,1,0,0,0,1,0,0,0,0,0,0,1,0,0,0,0,0,0,0,1,0,1,0,0,0,0,0,1
0.549,-1.111,-0.127,0.501,1.223,0.133,0.229,0.836,-0.527,-0.636,-0.619,-0.536,-0.092,0.182,0.034,0.716,0.401,0.642,0.216,1,0,1,0,1,0,1,0,0,1,0,0,1,0,1,0,0,1,0,0,1,0,0,0,1,0,0,0,0,0,0,0,1,0,0,0,0,0,1,0,0,0,0,0,0,1,0,1
1.655,-0.118,0.348,-0.673,-2.397,0.133,0.997,1.931,-0.527,-1.445,-1.504,-0.536,-0.092,0.182,0.034,1.16,0.401,0.053,0.216,1,0,1,0,1,0,1,0,0,1,0,0,1,0,1,0,0,0,1,0,0,1,0,0,0,0,0,1,0,0,0,1,0,0,0,0,0,0,0,1,0,1,0,0,0,0,0,1
-0.09007530631796033,-0.49,-0.617,0.892,0.965,-2.451,-0.17833221371186103,-0.08368130422514075,-0.223,0.3600022465572556,-0.4922450650752374,-0.11089310204056443,-0.02845858444782845,-0.552,3.023,-0.3068392986397637,0.401,1.311,-2.481,0,1,1,0,1,0,1,0,0,1,0,0,1,0,1,0,0,1,0,0,0,1,0,0,0,1,0,0,0,0,0,1,0,0,0,0,0,0,1,0,0,1,0,0,0,0,0,1
-0.557,-1.111,-1.092,-2.081,0.706,-1.159,0.12,-0.844,-0.223,1.234,-0.305,-0.536,-0.092,0.182,-0.238,1.16,0.401,-0.605,0.216,1,0,1,0,1,0,1,0,0,1,0,0,1,0,1,0,0,1,0,0,1,0,0,0,0,1,0,0,0,0,0,0,1,0,0,0,0,0,0,0,1,1,0,0,0,0,0,1
-1.11,-1.111,-0.26802372156187415,-0.282,-0.458,0.133,-0.099,-0.844,0.842,0.568,0.752,-0.536,-0.092,-0.735,-0.51,-1.06,0.401,0.872,0.216,0,1,1,0,1,0,0,1,0,0,1,0,1,0,1,0,0,0,1,1,0,0,0,0,0,0,0,0,0,0,1,1,0,0,0,0,0,0,1,0,0,0,1,0,0,0,1,0
-0.557,1.123,-1.092,0.11,-0.716,0.133,-0.319,-0.844,0.081,1.719,-1.076,-0.536,-0.092,0.731,0.034,-1.06,0.401,-0.605,-5.178,0,1,1,0,1,0,0,1,0,0,1,0,1,0,1,0,0,0,1,0,1,0,0,0,1,0,0,0,0,0,0,0,0,0,0,1,0,0,0,0,1,0,1,0,0,0,0,1
-0.557,-0.614,-0.127,0.892,-1.363,0.779,-0.648,-0.844,-0.375,0.568,0.752,-0.536,-0.092,-2.568,0.034,-0.394,0.401,0.018,0.216,0,1,0,1,1,0,0,1,0,0,1,0,1,0,1,0,0,0,1,1,0,0,0,0,0,0,0,0,0,1,0,0,1,0,0,0,0,0,1,0,0,0,1,0,0,0,1,0
0.825,0.503,2.262,-1.064,0.189,0.030588150401009633,2.641,0.602,-0.68,-1.104,0.58,-0.536,-0.092,1.098,-1.325,1.16,2.526,-1.853,0.216,1,0,1,0,1,0,1,0,0,1,0,0,1,0,1,0,0,1,0,0,0,1,0,0,0,0,0,1,0,0,0,1,0,0,0,0,0,0,0,1,0,0,1,0,0,0,0,1
-0.004,-1.111,-1.092,-1.064,-1.104,1.425,-1.196,0.324,0.081,0.335,-1.162,-0.536,-0.092,-0.735,-0.782,0.05,0.401,0.872,0.216,0,1,1,0,1,0,0,1,0,0,1,0,1,0,1,0,0,1,0,1,0,0,0,0,0,0,1,0,0,0,0,0,1,0,0,0,0,0,1,0,0,0,0,1,0,0,1,0
-1.663,0.627,-1.092,-0.516,1.094,0.779,-1.196,-0.844,0.994,0.568,0.752,4.337,-0.092,-1.651,-1.053,-1.06,0.401,-1.244,0.216,0,1,1,0,1,0,0,1,0,0,1,0,1,0,1,0,0,1,0,1,0,0,0,0,0,0,0,0,0,1,0,0,1,0,0,0,0,0,1,0,0,0,1,0,0,0,1,0
-0.557,-1.359,-0.36754161819383085,0.266,0.835,-2.128,-0.428,-0.216,0.689,-0.438,1.123,-0.13,-0.092,0.182,1.393,-1.06,0.401,0.019,0.216,0,1,0,1,1,0,0,1,0,0,1,0,1,0,1,0,0,1,0,0,1,0,0,0,0,1,0,0,0,0,0,1,0,0,0,0,0,0,1,0,0,1,0,0,0,0,0,1
1.655,-0.366,1.787,0.501,-0.845,1.425,0.15819363436869552,1.376,-0.68,-1.985,0.466,-0.536,9.536,-0.552,-0.782,1.16,0.401,-1.21,-5.178,1,0,1,0,1,0,1,0,0,1,0,0,1,0,1,0,0,1,0,0,0,0,1,0,0,0,0,0,1,0,0,0,0,0,1,0,0,0,0,1,0,1,0,0,0,0,1,0
-0.004,1.371,-0.617,-0.282,-0.328,0.133,2.093,-0.844,-0.984,0.568,0.752,-0.536,-0.092,1.098,0.577,0.716,0.401,0.038,0.216,1,0,1,0,1,0,1,0,0,1,0,0,1,0,1,0,0,0,1,0,0,1,0,0,0,0,0,1,0,0,0,0,0,1,0,0,0,0,0,1,0,1,0,0,0,0,1,0
1.655,0.254,0.348,2.066,3.163,-0.513,2.093,2.384,-0.68,-2.632,-0.476,-0.536,-0.092,1.098,-0.782,1.16,-1.724,0.433,0.216,1,0,1,0,1,0,1,0,0,1,0,0,1,0,1,0,0,0,1,0,0,1,0,0,0,0,0,1,0,0,0,1,0,0,0,0,0,0,0,1,0,1,0,0,0,0,0,1
0.272,0.379,-1.092,0.564,-1.233,1.425,0.19622140795784754,-0.362,-0.375,-0.025,0.723,-0.536,-0.092,0.182,-0.238,1.16,-3.849,0.053,0.216,1,0,1,0,1,0,1,0,0,1,0,0,1,0,1,0,0,1,0,0,0,0,1,0,0,0,0,0,1,0,0,0,0,0,1,0,0,0,0,1,0,1,0,0,0,0,0,1
0.549,-0.738,0.348,-0.125,-0.845,1.425,-0.648,0.017,0.994,0.568,-0.933,-0.536,-0.092,0.182,0.034,0.05,0.401,0.872,0.216,0,1,1,0,1,0,1,0,0,0,1,0,1,0,1,0,0,1,0,1,0,0,0,0,0,0,1,0,0,0,0,1,0,0,0,0,0,0,1,0,0,0,0,1,0,0,1,0
-1.663,-0.366,-0.617,-0.282,1.223,0.133,0.449,0.28,0.823979744651443,0.371,-1.133,-0.536,-0.092,0.731,-0.51,-1.06,0.401,-0.605,-5.178,0,1,1,0,1,0,0,1,0,0,1,0,1,0,1,0,0,1,0,0,1,0,0,0,1,0,0,0,0,0,0,0,1,0,0,0,0,0,0,0,1,0,1,0,0,0,0,1
0.272,-0.242,2.262,-0.673,1.223,-0.513,-0.648,4.195,0.537,-2.183,-4.732,-0.536,-0.092,0.182,-0.782,1.16,0.401,-1.21,-5.178,1,0,1,0,1,0,1,0,0,1,0,0,1,0,1,0,0,0,1,1,0,0,0,1,0,0,0,0,0,0,0,1,0,0,0,0,0,0,1,0,0,1,0,0,0,0,1,0
-0.557,-0.49,-0.127,-0.282,1.223,-1.159,0.339,-0.844,-0.375,1.234,-0.305,-0.536,-0.092,-4.401,-2.684,-1.06,0.401,-0.605,0.216,0,1,0,1,1,0,0,1,0,0,1,0,1,0,1,0,0,0,1,0,1,0,0,0,1,0,0,0,0,0,0,0,0,0,0,1,0,0,0,0,1,0,1,0,0,0,1,0
1.102,0.379,0.348,0.344,0.06,-1.159,-0.099,0.967,-0.984,-0.744,-0.705,-0.536,-0.092,1.098,-1.325,-0.616,-1.724,-1.943,0.216,1,0,1,0,1,0,1,0,0,1,0,0,1,0,1,0,0,1,0,0,1,0,0,0,0,1,0,0,0,0,0,0,1,0,0,0,0,0,0,1,0,1,0,0,0,0,0,1
-0.557,-0.49,-1.092,-0.282,-0.458,0.133,-0.648,-0.844,0.842,0.982,0.095,-0.536,-0.092,-0.002,0.305,-0.394,0.401,-1.224,0.216,0,1,1,0,1,0,0,1,0,0,1,0,1,0,1,0,0,1,0,1,0,0,0,0,0,0,1,0,0,0,0,0,1,0,0,0,0,0,1,0,0,0,1,0,0,0,1,0
0.272,1.743,-1.092,0.266,1.094,-2.451,0.254070394183357,-0.026,-0.299,-0.007,0.095,0.682,-0.092,1.098,-0.374,-0.172,0.401,0.018,0.216,0,1,1,0,1,0,1,0,0,0,1,0,1,0,1,0,0,1,0,0,1,0,0,0,0,1,0,0,0,0,0,1,0,0,0,0,0,0,0,1,0,1,0,0,0,0,1,0
0.549,1.247,0.823,-1.768,-1.104,0.133,-0.648,2.326,0.842,-2.506,-0.562,1.495,-0.092,0.182,-0.51,-1.06,-1.724,0.433,0.216,0,1,1,0,1,0,0,1,0,0,1,0,1,0,1,0,0,1,0,1,0,0,0,1,0,0,0,0,0,0,0,0,0,1,0,0,0,0,1,0,0,0,1,0,0,0,0,1
0.215812719543227,0.627,0.348,-1.064,1.611,2.071,-0.428,0.23541524254533847,-0.527,0.1258582287641303,-0.8289103631802427,-0.23699265647376566,0.21614498864890774,1.098,1.393,0.5050542919310966,0.401,-0.605,-2.481,0,1,1,0,1,0,0,1,0,0,1,0,1,0,1,0,0,1,0,0,0,1,0,0,1,0,0,0,0,0,0,1,0,0,0,0,0,0,0,1,0,1,0,0,0,0,1,0
-1.11,-1.483,-1.092,0.657,0.706,1.425,-0.099,-0.844,0.842,1.234,-0.305,1.089,-0.092,-0.735,-0.238,-1.06,0.401,-1.78,0.216,0,1,1,0,1,0,0,1,0,0,1,0,1,0,1,0,0,1,0,1,0,0,0,0,0,0,0,0,0,0,1,0,1,0,0,0,0,0,1,0,0,0,1,0,0,0,0,1
-1.11,0.254,-0.127,-0.516,0.189,1.425,-0.11212236601853731,-0.041,0.994,-0.007,0.095,-0.536,-0.092,0.182,-1.597,-1.06,-1.724,1.611,0.216,0,1,1,0,1,0,0,1,0,0,1,0,1,0,1,0,0,1,0,0,1,0,0,0,0,1,0,0,0,0,0,0,1,0,0,0,0,0,1,0,0,0,1,0,0,0,0,1
0.549,-1.359,0.348,-0.282,-0.845,0.133,-0.099,-0.844,1.246,0.568,0.752,2.713,-0.092,-1.651,0.034,-0.394,0.401,0.682,0.216,0,1,1,0,1,0,0,1,0,0,1,0,1,0,1,0,0,1,0,1,0,0,0,0,0,0,1,0,0,0,0,0,1,0,0,0,0,0,1,0,0,0,1,0,0,0,0,1
-1.11,-1.607,2.262,0.501,-1.104,0.133,2.093,-0.844,-1.288,1.234,-0.305,-0.536,-0.092,0.731,1.393,-1.504,0.401,0.018,0.216,0,1,1,0,1,0,1,0,0,0,1,0,1,0,1,0,0,1,0,0,0,1,0,0,0,0,0,1,0,0,0,1,0,0,0,0,0,0,0,1,0,1,0,0,0,0,1,0
-0.1374096106601888,0.254,-0.0962889847887146,1.283,-0.716,0.133,0.449,-0.03250126180682292,0.842,-0.0857819463987002,0.1626585839797465,0.18990683160823713,-0.052279272004109395,0.365,0.849,-0.3539600548642793,0.401,2.05,0.216,0,1,1,0,1,0,0,0,1,0,1,0,1,0,1,0,0,1,0,1,0,0,0,0,0,0,0,0,0,0,1,1,0,0,0,0,0,0,1,0,0,1,0,0,0,0,0,1
-0.28,-1.235,0.348,-1.064,-1.104,-0.513,-1.196,-0.508,-0.223,0.335,0.409,1.089,-0.092,0.182,-0.782,0.05,0.401,-1.21,0.216,0,1,1,0,1,0,1,0,0,0,1,0,1,0,1,0,0,1,0,1,0,0,0,1,0,0,0,0,0,0,0,0,0,1,0,0,0,0,1,0,0,1,0,0,0,0,1,0
-0.004,-0.738,-0.1785280370040091,-0.203,-0.458,-0.513,-1.196,1.347,-0.223,-1.014,-1.019,-0.536,-0.092,-1.468,-0.238,-0.172,0.401,0.037,0.216,1,0,1,0,1,0,1,0,0,1,0,0,1,0,1,0,0,1,0,1,0,0,0,1,0,0,0,0,0,0,0,1,0,0,0,0,0,0,1,0,0,1,0,0,0,0,1,0
-0.004,-0.986,-1.092,0.501,0.189,0.133,-0.099,-0.392,1.146,-0.834,2.094,-0.536,-0.092,0.182,0.849,0.05,0.401,0.059,0.216,0,1,1,0,1,0,1,0,0,0,1,0,1,0,1,0,0,0,1,1,0,0,0,0,0,0,0,0,0,0,1,1,0,0,0,0,0,0,1,0,0,1,0,0,0,0,0,1
2.207,-0.986,-1.092,0.501,-0.07,0.133,-0.099,0.909,0.842,-1.679,0.895,-0.536,-0.092,-0.735,0.034,1.16,0.401,-0.605,0.216,1,0,1,0,1,0,1,0,0,1,0,0,1,0,1,0,0,0,1,1,0,0,0,0,0,0,0,0,0,0,1,1,0,0,0,0,0,0,1,0,0,1,0,0,0,0,0,1
0.549,0.627,-1.092,-0.829,3.421,0.133,4.285,-0.844,-0.68,-0.025,1.694,-0.536,-0.092,1.098,0.034,2.269,-1.724,-0.605,0.216,1,0,1,0,1,0,1,0,0,1,0,0,1,0,1,0,0,0,1,0,0,1,0,0,0,0,0,1,0,0,0,1,0,0,0,0,0,0,0,1,0,1,0,0,0,0,0,1
-0.004,-1.235,-1.092,-0.282,-0.07,0.133,-1.196,1.288,-0.071,-1.284,-0.476,-0.536,-0.092,0.182,0.034,-0.172,0.401,-0.605,0.216,1,0,1,0,1,0,1,0,0,1,0,0,1,0,1,0,0,0,1,1,0,0,0,1,0,0,0,0,0,0,0,1,0,0,0,0,0,0,1,0,0,1,0,0,0,0,1,0
2.207,-0.118,-1.092,-0.203,-0.458,-0.513,-1.196,1.931,-0.071,-1.445,-1.476,-0.536,-0.092,0.548,-1.053,-0.172,0.401,1.533,0.216,1,0,1,0,1,0,1,0,0,1,0,0,1,0,1,0,0,1,0,1,0,0,0,1,0,0,0,0,0,0,0,1,0,0,0,0,0,0,1,0,0,1,0,0,0,0,0,1
1.102,0.627,1.787,-0.282,1.87,0.133,0.5734393956877999,-0.844,-1.744,1.234,-0.305,-0.536,-0.092,0.182,0.034,1.16,0.401,-1.244,0.216,1,0,1,0,1,0,0,1,0,0,1,0,1,0,1,0,0,1,0,0,0,0,1,0,0,0,0,0,1,0,0,0,1,0,0,0,0,0,0,1,0,1,0,0,0,0,1,0
1.655,-0.614,0.823,-0.10104138880599717,-1.104,-0.513,2.093,1.931,-1.315,-1.445,-1.504,-0.536,-0.092,0.548,-0.782,0.827,0.401,2.247,0.216,1,0,1,0,1,0,1,0,0,1,0,0,1,0,0,1,0,1,0,0,0,1,0,0,0,0,0,1,0,0,0,1,0,0,0,0,0,0,0,1,0,0,0,0,0,1,1,0
0.06025870135812147,0.379,0.348,0.892,1.223,0.133,-0.648,0.11278087557305227,0.081,0.1834030170424108,-0.6879540331723825,0.013046225122497923,0.09645145700250811,1.098,2.751,0.04195654694100069,0.401,0.82,-2.481,0,1,1,0,1,0,0,0,1,1,0,0,1,0,1,0,0,1,0,1,0,0,0,0,0,0,1,0,0,0,0,1,0,0,0,0,0,0,1,0,0,1,0,0,0,0,1,0
-0.2574667939689415,-0.614,-0.127,0.814,-0.328,1.425,0.339,-0.2815918071170252,0.242,0.27984618666365835,0.042363425575673214,0.22093860750070557,0.015000682300428836,-1.651,3.567,-0.2612263697645299,0.401,0.992,0.216,0,1,1,0,1,0,0,0,1,1,0,0,1,0,1,0,0,1,0,1,0,0,0,0,0,0,0,0,0,0,1,1,0,0,0,0,0,0,1,0,0,1,0,0,0,0,0,1
-0.004,0.627,0.823,-0.36,0.835,1.425,-0.099,1.683,-0.68,-1.356,-1.133,-0.536,-0.092,0.731,0.034,1.16,-1.724,-0.605,0.216,1,0,1,0,1,0,1,0,0,1,0,0,1,0,1,0,0,0,1,1,0,0,0,0,0,0,0,0,0,0,1,1,0,0,0,0,0,0,1,0,0,1,0,0,0,0,0,1
0.549,-1.235,-1.092,0.266,0.189,1.425,1.325,-0.844,-0.071,1.234,-0.305,-0.13,-0.092,0.182,1.393,-1.06,0.401,0.682,0.216,0,1,1,0,1,0,0,1,0,0,1,0,1,0,1,0,0,1,0,1,0,0,0,0,0,0,0,0,0,0,1,0,1,0,0,0,0,0,1,0,0,0,1,0,0,0,0,1
-0.30613810636174377,-0.986,-0.127,-0.908,-1.363,0.133,-1.415,-0.844,0.537,1.234,-0.305,-0.536,-0.092,0.182,0.577,1.16,0.401,0.682,0.216,0,1,1,0,1,0,1,0,0,1,0,0,1,0,1,0,0,1,0,1,0,0,0,0,0,0,1,0,0,0,0,1,0,0,0,0,0,0,1,0,0,0,0,0,1,0,1,0
2.207,1.743,1.787,-1.064,2.775,0.133,0.997,0.178,-1.896,0.443,-1.047,-0.536,-0.092,0.182,0.034,1.16,-1.724,-0.605,0.216,0,1,1,0,1,0,1,0,0,1,0,0,1,0,1,0,0,0,1,0,0,1,0,0,0,0,0,1,0,0,0,1,0,0,0,0,0,0,0,1,0,1,0,0,0,0,0,1
1.655,-1.607,0.823,0.892,-1.621,0.133,-0.21197891238982067,0.134,-1.288,0.101,-0.419,-0.536,-0.092,-2.385,1.121,-0.616,0.401,0.037,0.216,1,0,1,0,1,0,1,0,0,1,0,0,1,0,1,0,0,1,0,0,0,0,1,0,0,0,0,0,1,0,0,0,0,0,0,1,0,0,0,1,0,0,1,0,0,0,1,0
-0.28,0.13,-0.617,2.066,-1.104,-0.513,1.545,-0.844,-0.375,0.568,0.752,-0.536,-0.092,1.098,-0.782,-0.172,0.401,0.018,0.216,1,0,1,0,1,0,1,0,0,1,0,0,1,0,1,0,0,0,1,0,0,1,0,0,0,0,0,1,0,0,0,1,0,0,0,0,0,0,0,1,0,1,0,0,0,0,0,1
1.102,-0.366,1.312,-0.673,-0.328,-1.159,-0.099,0.324,0.537,0.784,-1.876,-0.536,-0.092,0.182,0.034,0.05,0.401,-1.893,-5.178,0,1,1,0,1,0,1,0,0,0,1,0,1,0,1,0,0,1,0,0,1,0,0,0,1,0,0,0,0,0,0,0,0,0,0,1,0,0,1,0,0,1,0,0,0,0,0,1
0.272,-1.235,-0.617,0.892,-0.845,0.133,-1.196,1.215,-1.592,-0.924,-0.905,1.089,-0.092,0.182,0.034,3.379,0.401,-1.21,0.216,1,0,1,0,1,0,1,0,0,1,0,0,1,0,1,0,0,1,0,1,0,0,0,0,0,0,1,0,0,0,0,1,0,0,0,0,0,0,1,0,0,1,0,0,0,0,1,0
2.207,-0.118,-0.127,-0.282,0.965,-2.451,-0.319,0.689,-0.375,-0.546,-0.505,0.276,-0.092,0.182,-1.053,1.16,0.401,0.053,0.216,1,0,1,0,0,1,1,0,0,1,0,0,1,0,1,0,0,0,1,0,1,0,0,0,0,1,0,0,0,0,0,0,1,0,0,0,0,0,0,1,0,1,0,0,0,0,0,1
-1.663,0.875,2.751,-0.282,2.258,0.133,-0.099,-0.844,1.45,0.568,0.752,1.901,-0.092,1.098,-0.646,-1.06,-1.724,-0.605,0.216,0,1,1,0,1,0,0,1,0,0,1,0,1,0,1,0,0,1,0,1,0,0,0,0,0,0,1,0,0,0,0,1,0,0,0,0,0,0,1,0,0,0,1,0,0,0,0,1
-1.663,0.379,-0.617,0.344,-1.363,0.133,-0.648,0.09,0.537,-0.438,0.523,1.089,-0.092,-0.185,-0.51,0.05,-1.724,0.772,0.216,0,1,1,0,1,0,0,1,0,0,1,0,1,0,1,0,0,0,1,1,0,0,0,1,0,0,0,0,0,0,0,0,0,1,0,0,0,0,1,0,0,1,0,0,0,0,0,1
-0.557,-0.118,-0.127,-1.455,-0.458,0.133,1.545,-0.844,-0.375,0.568,0.752,-0.536,-0.092,1.098,-1.053,1.16,-1.724,-0.605,0.216,1,0,1,0,1,0,1,0,0,1,0,0,1,0,0,1,0,1,0,0,0,1,0,0,0,0,0,1,0,0,0,1,0,0,0,0,0,0,0,0,1,1,0,0,0,0,0,1
-0.14403858906556222,0.379,0.823,1.283,1.999,-2.451,-0.538,-0.844,0.233,0.209,1.323,-0.536,-0.092,0.182,-0.238,-1.06,-1.724,-0.605,0.216,0,1,1,0,1,0,0,1,0,1,0,0,1,0,1,0,0,0,1,0,1,0,0,0,0,1,0,0,0,0,0,0,1,0,0,0,0,0,1,0,0,1,0,0,0,0,0,1
0.549,0.875,0.348,0.501,0.24268063681506946,0.779,-0.757,-0.844,1.146,0.568,0.752,-0.536,-0.092,-2.201,-1.053,-1.06,1.251,-1.853,0.216,0,1,1,0,1,0,0,1,0,0,1,0,1,0,1,0,0,1,0,1,0,0,0,0,0,0,0,0,0,1,0,0,0,0,0,0,0,1,1,0,0,0,1,0,0,0,1,0
1.655,0.875,0.823,-0.203,1.87,1.425,-0.648,-0.844,-0.527,0.083,-1.333,-0.536,-0.092,0.182,0.034,1.16,-1.724,-0.605,0.216,1,0,1,0,1,0,1,0,0,1,0,0,1,0,1,0,0,1,0,0,1,0,0,0,1,0,0,0,0,0,0,1,0,0,0,0,0,0,0,1,0,1,0,0,0,0,0,1
-0.004,-0.49,-1.092,-1.064,0.189,0.133,-1.196,1.785,-0.071,-1.913,-0.448,-0.536,-0.092,0.182,-0.51,1.16,0.401,-1.224,0.216,1,0,1,0,1,0,1,0,0,1,0,0,1,0,1,0,0,1,0,1,0,0,0,1,0,0,0,0,0,0,0,1,0,0,0,0,0,0,1,0,0,1,0,0,0,0,1,0
-0.004,-0.738,-0.07164190308548495,-0.516,-0.458,-0.513,-0.099,1.347,-0.272,-1.014,-1.019,0.276,-0.092,-1.651,-1.053,-0.172,0.401,0.037,0.216,1,0,1,0,1,0,1,0,0,1,0,0,1,0,1,0,0,1,0,1,0,0,0,1,0,0,0,0,0,0,0,0,0,1,0,0,0,0,1,0,0,1,0,0,0,0,1,0
1.931,1.247,0.348,-1.064,0.835,0.133,2.093,-0.333,-0.497,0.209,0.323,0.276,-0.092,1.098,0.034,-0.616,0.401,-1.853,0.216,1,0,1,0,1,0,1,0,0,1,0,0,1,0,1,0,0,0,1,0,0,1,0,0,0,0,0,1,0,0,0,0,0,1,0,0,0,0,0,1,0,1,0,0,0,0,1,0
1.102,0.379,0.348,1.675,0.447,0.456,-0.319,0.11518509079303277,-0.68,-0.20779626024292433,-0.012530851885077222,0.09869119595016562,0.052643694151638734,0.182,0.034,0.4475967238912318,0.401,-0.019,0.216,1,0,1,0,1,0,1,0,0,1,0,0,1,0,1,0,0,1,0,1,0,0,0,0,0,0,0,0,0,1,0,1,0,0,0,0,0,0,1,0,0,1,0,0,0,0,0,1
-0.557,-1.483,-0.617,-0.282,-0.199,0.133,-1.196,0.529,0.537,-0.636,-0.019,-0.536,-0.092,0.182,0.034,1.16,0.401,0.037,0.216,1,0,1,0,1,0,1,0,0,1,0,0,1,0,1,0,0,1,0,1,0,0,0,0,0,0,1,0,0,0,0,1,0,0,0,0,0,0,1,0,0,0,0,0,1,0,0,1
-0.2511943200471192,-0.614,-1.092,-0.908,-0.458,0.133,-0.648,0.06004566871945472,0.689,-0.07913485611110622,0.02355136958796752,-0.05772276351179542,-0.0637961697223194,0.182,0.034,-0.2458688667875581,0.401,1.012,0.216,0,1,1,0,1,0,0,0,1,1,0,0,1,0,1,0,0,1,0,0,0,1,0,0,1,0,0,0,0,0,0,0,0,0,0,1,0,0,1,0,0,1,0,0,0,0,0,1
0.549,0.999,1.787,-0.282,1.482,0.133,0.5132234483296383,-0.844,-0.984,0.568,0.752,-0.536,-0.092,0.182,0.034,1.16,-1.724,-0.605,0.216,1,0,1,0,1,0,1,0,0,0,0,1,1,0,1,0,0,0,1,0,0,0,1,0,0,0,0,0,1,0,0,0,0,0,0,0,0,1,0,1,0,1,0,0,0,0,0,1
-1.11,2.612,1.312,-0.125,-0.845,1.425,0.558,-0.844,1.146,1.719,-1.076,-0.536,-0.092,0.182,0.034,-1.06,0.401,-1.883,-5.178,0,1,1,0,1,0,0,1,0,0,1,0,1,0,1,0,0,1,0,0,1,0,0,0,1,0,0,0,0,0,0,0,0,0,0,1,0,0,0,0,1,0,1,0,0,0,0,1
-0.557,-0.738,-1.092,-0.282,-0.328,0.456,-0.099,-0.844,1.754,1.234,-0.305,-0.536,-0.092,-2.568,0.034,-1.06,0.401,0.872,0.216,0,1,1,0,1,0,0,1,0,0,1,0,1,0,0,0,1,1,0,1,0,0,0,0,0,0,0,0,0,1,0,0,1,0,0,0,0,0,1,0,0,0,1,0,0,0,1,0
0.272,0.379,0.348,-1.064,-1.75,-0.513,-0.648,1.507,-0.984,-1.985,0.209,1.089,-0.092,0.182,0.034,-0.172,0.401,2.247,0.216,1,0,1,0,1,0,1,0,0,1,0,0,1,0,1,0,0,1,0,1,0,0,0,1,0,0,0,0,0,0,0,0,0,1,0,0,0,0,1,0,0,1,0,0,0,0,1,0
-1.11,0.503,3.226,-0.282,-1.104,-1.159,0.12,-0.844,0.385,0.568,0.752,-0.536,-0.092,0.182,0.849,-1.06,-1.724,-0.605,0.216,0,1,1,0,1,0,0,1,0,1,0,0,1,0,1,0,0,1,0,0,1,0,0,0,0,1,0,0,0,0,0,1,0,0,0,0,0,0,1,0,0,1,0,0,0,0,0,1
-0.004,0.254,0.348,-0.125,-0.07,1.425,-0.24780804351381655,1.098,0.994,-0.834,-0.819,0.276,-0.092,0.182,0.305,-1.06,-1.724,1.611,0.216,0,1,1,0,1,0,0,1,0,0,1,0,1,0,1,0,0,1,0,0,1,0,0,0,0,1,0,0,0,0,0,1,0,0,0,0,0,0,1,0,0,0,1,0,0,0,0,1
1.102,-0.49,-0.617,0.11,-0.587,0.030240693567981442,0.2436597396676178,-0.844,-0.68,1.234,-0.305,-0.536,-0.092,0.182,0.034,1.16,-1.724,0.642,0.216,1,0,1,0,1,0,0,1,0,0,1,0,1,0,1,0,0,1,0,0,0,0,1,0,0,0,0,0,1,0,0,0,0,0,0,0,1,0,0,1,0,1,0,0,0,0,1,0
-0.557,1.123,-1.092,-0.673,0.835,1.425,0.449,-0.844,-1.744,0.568,0.752,0.479,-0.092,-1.651,0.034,-1.06,0.401,-0.605,0.216,0,1,1,0,1,0,0,1,0,0,1,0,1,0,1,0,0,1,0,0,1,0,0,0,1,0,0,0,0,0,0,0,1,0,0,0,0,0,0,1,0,1,0,0,0,0,0,1
-0.557,-0.986,-0.127,0.814,0.06,-2.128,0.449,-0.771,1.754,0.694,0.409,-0.333,-0.092,0.365,0.305,0.05,0.401,-1.25,0.216,0,1,1,0,1,0,1,0,0,0,1,0,1,0,1,0,0,1,0,0,1,0,0,0,0,1,0,0,0,0,0,0,1,0,0,0,0,0,1,0,0,1,0,0,0,0,0,1
-0.004,-1.235,-1.092,0.579,-0.587,1.425,-0.099,-0.844,-0.071,1.234,-0.305,-0.13,-0.092,0.182,0.577,-1.06,0.401,0.682,0.216,0,1,1,0,1,0,0,1,0,0,1,0,1,0,1,0,0,1,0,1,0,0,0,0,0,0,0,0,0,0,1,1,0,0,0,0,0,0,1,0,0,0,1,0,0,0,0,1
0.2512811543411119,-1.359,0.823,-0.673,-1.104,0.133,3.189,-0.08729239245876177,-1.744,0.15095374320761595,-0.031865536733724276,-0.48323577781660326,0.06624798438101065,-0.735,1.393,0.5528474439941727,0.401,1.89,0.216,0,1,1,0,1,0,0,1,0,0,1,0,1,0,1,0,0,1,0,0,1,0,0,0,0,0,0,1,0,0,0,0,0,1,0,0,0,0,0,0,1,1,0,0,0,0,0,1
0.549,0.875,0.823,0.11,-0.458,0.456,-0.757,-0.844,1.146,0.568,0.752,-0.536,-0.092,-1.651,-1.053,-1.06,1.251,-0.605,0.216,0,1,1,0,1,0,0,1,0,0,1,0,1,0,1,0,0,1,0,1,0,0,0,0,0,0,0,0,0,1,0,1,0,0,0,0,0,0,1,0,0,0,1,0,0,0,1,0
-0.28,-1.235,-1.092,-1.064,0.189,-0.513,-1.196,0.237,-0.223,-0.438,0.238,-0.536,-0.092,-0.552,-0.238,0.05,0.401,-1.21,0.216,0,1,1,0,1,0,1,0,0,0,1,0,1,0,1,0,0,1,0,1,0,0,0,1,0,0,0,0,0,0,0,1,0,0,0,0,0,0,1,0,0,1,0,0,0,0,1,0
-0.004,-1.235,0.823,1.283,-0.07,0.133,-1.634,1.215,-2.201,-0.924,-0.905,-0.536,-0.092,0.182,0.034,3.379,0.401,-1.21,0.216,1,0,1,0,1,0,1,0,0,1,0,0,1,0,1,0,0,1,0,1,0,0,0,0,0,0,1,0,0,0,0,1,0,0,0,0,0,0,1,0,0,1,0,0,0,0,1,0
-0.004,-1.111,1.787,-0.438,-0.845,-0.513,-1.196,-0.844,-0.071,0.568,0.752,-0.536,-0.092,0.182,-0.238,-0.172,0.401,0.642,0.216,1,0,1,0,1,0,1,0,0,1,0,0,1,0,1,0,0,1,0,1,0,0,0,1,0,0,0,0,0,0,0,0,0,1,0,0,0,0,1,0,0,1,0,0,0,0,0,1
1.655,0.254,0.348,-0.516,-1.104,0.133,2.093,2.106,-0.832,-2.452,-0.219,0.682,-0.092,1.098,0.034,1.16,-1.724,1.611,0.216,1,0,1,0,1,0,1,0,0,1,0,0,1,0,1,0,0,0,1,0,0,1,0,0,0,0,0,1,0,0,0,0,0,1,0,0,0,0,0,1,0,1,0,0,0,0,0,1
0.25123562560789164,1.123,0.19098292821901128,0.11,0.189,0.0319461156759762,-0.099,1.055,-0.223,-0.241,-1.704,-0.536,-0.092,0.64,0.034,-0.394,-0.1510648416197995,-0.05289818594247722,0.216,0,1,1,0,1,0,0,1,0,0,1,0,1,0,1,0,0,1,0,0,1,0,0,0,1,0,0,0,0,0,0,0,1,0,0,0,0,0,0,1,0,0,1,0,0,0,0,1
-1.11,0.627,-0.127,-0.282,-1.104,1.425,0.229,-0.844,1.602,1.719,-1.076,-0.536,-0.092,0.182,0.034,-1.06,0.401,-1.853,-5.178,0,1,1,0,1,0,0,1,0,0,1,0,1,0,1,0,0,0,1,0,1,0,0,0,1,0,0,0,0,0,0,0,0,0,0,1,0,0,0,0,1,0,1,0,0,0,0,1
0.549,0.999,0.823,-0.673,-0.975,-0.513,-1.196,0.777,-0.527,-0.025,-1.504,-0.536,-0.092,0.182,0.034,1.16,0.01203129933683085,-0.05900008545857406,0.216,1,0,1,0,1,0,1,0,0,1,0,0,1,0,1,0,0,0,1,1,0,0,0,1,0,0,0,0,0,0,0,0,0,1,0,0,0,0,1,0,0,1,0,0,0,0,0,1
-1.663,-1.235,0.823,0.11,-0.587,0.456,-0.099,-0.479,0.233,0.425,0.266,1.292,-0.092,-0.918,0.849,-1.06,0.401,2.245,0.216,0,1,1,0,1,0,0,1,0,0,1,0,1,0,1,0,0,1,0,1,0,0,0,0,0,0,0,0,0,1,0,1,0,0,0,0,0,0,1,0,0,0,1,0,0,0,0,1
0.549,-0.986,0.823,-1.048,-1.363,0.133,2.75,0.237,-0.071,-0.438,0.238,-0.536,1.112,1.098,0.849,1.16,0.401,1.325,0.216,0,1,1,0,1,0,1,0,0,1,0,0,1,0,0,1,0,1,0,0,0,1,0,0,0,0,0,1,0,0,0,1,0,0,0,0,0,0,0,1,0,1,0,0,0,0,0,1
-0.557,1.371,-1.092,-0.36,0.189,-1.159,-0.319,-0.348,1.459,0.209,0.352,0.276,-0.092,0.182,-1.053,-0.394,0.401,-0.605,0.216,0,1,1,0,1,0,0,1,0,0,1,0,1,0,1,0,0,1,0,0,1,0,0,0,0,1,0,0,0,0,0,1,0,0,0,0,0,0,0,0,1,1,0,0,0,0,0,1
-0.557,-0.49,-1.092,-0.673,0.835,0.133,-0.648,0.689,0.081,-0.546,-0.476,0.276,-0.092,-4.401,-2.684,-0.172,0.401,1.391,0.216,1,0,1,0,1,0,1,0,0,1,0,0,1,0,1,0,0,1,0,1,0,0,0,1,0,0,0,0,0,0,0,0,0,1,0,0,0,0,1,0,0,1,0,0,0,0,1,0
2.207,0.875,1.787,-0.282,-0.587,-0.513,0.12,-0.844,-0.071,0.335,1.123,-0.13,-0.092,0.182,0.034,0.716,-0.874,0.033,0.216,1,0,1,0,1,0,1,0,0,1,0,0,1,0,1,0,0,0,1,0,1,0,0,0,1,0,0,0,0,0,0,0,1,0,0,0,0,0,0,1,0,1,0,0,0,0,0,1
-0.004,0.875,-1.092,1.283,-0.845,0.133,0.41565587499635404,-0.377,-1.075,-0.331,1.266,-0.536,-0.092,1.098,0.034,-0.172,0.401,-0.605,0.216,1,0,1,0,1,0,1,0,0,1,0,0,1,0,1,0,0,1,0,0,0,1,0,0,0,0,0,1,0,0,0,1,0,0,0,0,0,0,0,0,1,1,0,0,0,0,0,1
0.272,-0.242,1.312,-0.282,0.706,0.133,-0.319,-0.523,-0.68,-0.241,1.409,-0.536,-0.092,1.098,-0.238,-0.172,-3.849,1.012,0.216,1,0,1,0,1,0,1,0,0,1,0,0,1,0,0,1,0,1,0,0,1,0,0,0,1,0,0,0,0,0,0,0,0,0,0,1,0,0,0,0,1,1,0,0,0,0,1,0
0.549,-0.49,-1.092,-0.282,0.189,-0.513,-0.319,-0.844,-0.223,0.604,0.695,-0.536,-0.092,-2.568,0.034,0.716,0.401,-2.225,0.216,1,0,1,0,1,0,1,0,0,0,0,1,1,0,1,0,0,0,1,0,1,0,0,0,0,1,0,0,0,0,0,1,0,0,0,0,0,0,0,1,0,1,0,0,0,0,1,0
1.378,0.751,1.312,-0.047,0.706,1.425,-0.099,1.931,1.754,-1.445,-1.504,-0.536,-0.092,1.098,0.034,-0.394,0.401,-1.853,0.216,0,1,1,0,1,0,0,1,0,0,1,0,1,0,1,0,0,1,0,1,0,0,0,0,0,0,0,0,0,0,1,1,0,0,0,0,0,0,1,0,0,0,1,0,0,0,0,1
1.378,0.751,0.09365637567347003,-0.908,-0.07,1.425,-0.099,0.689,1.754,-0.546,-0.505,-0.536,-0.092,0.182,0.034,-0.394,0.401,-1.853,0.216,0,1,1,0,1,0,0,1,0,0,1,0,1,0,1,0,0,1,0,1,0,0,0,0,0,0,0,0,0,0,1,0,0,0,0,0,1,0,1,0,0,0,1,0,0,0,0,1
-1.663,0.379,0.823,0.736,0.189,0.456,-0.099,-0.844,0.842,0.784,0.409,0.682,-0.092,0.182,0.577,-1.06,0.401,2.247,0.216,0,1,0,1,1,0,0,1,0,0,1,0,1,0,1,0,0,1,0,1,0,0,0,0,0,0,0,0,0,1,0,1,0,0,0,0,0,0,1,0,0,0,1,0,0,0,1,0
-0.004,-1.111,0.823,-1.064,-0.458,1.425,-1.196,-0.844,-0.071,0.586,0.723,2.713,-0.092,1.098,2.751,0.05,0.401,-0.605,0.216,0,1,1,0,1,0,1,0,0,0,1,0,1,0,1,0,0,1,0,1,0,0,0,0,0,0,1,0,0,0,0,0,1,0,0,0,0,0,0,0,1,1,0,0,0,0,1,0
0.549,1.743,0.38978537488837567,1.283,2.775,-0.513,2.312,-0.026,-0.527,-0.025,0.095,-0.536,-0.092,1.098,-1.053,2.269,-0.3050294457445568,-0.5503411987398434,0.216,1,0,1,0,1,0,1,0,0,0,0,1,1,0,1,0,0,0,1,0,0,1,0,0,0,0,0,1,0,0,0,1,0,0,0,0,0,0,0,1,0,1,0,0,0,0,0,1
0.011429813432512944,-0.118,0.823,0.266,0.447,0.02987615905955918,-0.099,0.018781169617527706,0.081,-0.011217741216891989,-0.06875453547537236,0.11906746872613556,0.036468586946749953,-0.048589020769628,-0.07817413709026151,0.052790157963519574,0.401,0.037,0.216,0,1,1,0,1,0,0,0,1,1,0,0,1,0,1,0,0,1,0,1,0,0,0,1,0,0,0,0,0,0,0,0,0,1,0,0,0,0,0,0,1,1,0,0,0,0,1,0
1.157,0.379,-0.617,-0.282,0.447,0.133,0.777,-0.844,-0.071,0.568,0.752,-0.536,-0.092,-0.735,0.034,-0.394,-1.724,-0.605,0.216,1,0,1,0,1,0,0,1,0,1,0,0,1,0,1,0,0,0,1,0,1,0,0,0,1,0,0,0,0,0,0,1,0,0,0,0,0,0,1,0,0,0,1,0,0,0,0,1
1.378,0.503,0.823,-1.064,0.965,0.133,-0.099,1.055,-0.375,-1.014,-0.448,-0.536,-0.092,0.915,-0.238,-0.172,-1.724,-0.605,0.216,1,0,1,0,1,0,1,0,0,1,0,0,1,0,1,0,0,0,1,0,1,0,0,0,1,0,0,0,0,0,0,0,1,0,0,0,0,0,0,1,0,1,0,0,0,0,0,1
0.272,1.743,-1.092,-1.064,0.189,-1.159,-0.428,0.836,-0.299,-0.636,-0.619,0.682,-0.092,1.098,-0.238,-0.172,0.401,0.018,0.216,0,1,1,0,1,0,1,0,0,0,1,0,1,0,1,0,0,1,0,0,1,0,0,0,0,1,0,0,0,0,0,0,1,0,0,0,0,0,0,1,0,1,0,0,0,0,1,0
-0.557,-0.49,-1.092,0.916,-0.07,0.456,-0.757,-0.844,1.112,0.568,0.752,-0.536,-0.092,-0.735,-0.51,-1.06,0.401,-0.605,0.216,0,1,0,1,1,0,0,1,0,0,1,0,1,0,1,0,0,1,0,0,1,0,0,0,0,1,0,0,0,0,0,0,1,0,0,0,0,0,0,0,1,0,1,0,0,0,0,1
-0.557,-0.242,-0.617,1.127,-0.07,1.102,-0.099,-0.844,0.537,1.234,-0.305,-0.536,-0.092,-0.002,-0.238,0.05,0.401,-0.605,0.216,0,1,1,0,1,0,0,1,0,0,1,0,1,0,1,0,0,1,0,1,0,0,0,0,0,0,0,0,0,0,1,0,1,0,0,0,0,0,1,0,0,1,0,0,0,0,1,0
0.549,-0.738,1.312,-2.629,-1.104,0.133,3.189,-0.844,-0.527,0.82,0.352,0.073,-0.092,1.098,0.034,1.16,0.401,0.037,0.216,1,0,1,0,1,0,1,0,0,1,0,0,1,0,0,1,0,1,0,0,0,1,0,0,0,0,0,1,0,0,0,0,0,1,0,0,0,0,0,1,0,1,0,0,0,0,0,1
-0.024530104170398193,-1.483,0.348,-0.203,-0.975,-0.513,-0.099,0.033761661394758495,-0.375,0.08189504010379682,-0.1780539650914653,-0.08306308643575315,0.0005706204625905743,0.182,1.393,0.1355787763700111,0.401,0.612,0.216,0,1,1,0,1,0,0,0,1,0,0,1,1,0,1,0,0,1,0,0,0,1,0,0,0,1,0,0,0,0,0,1,0,0,0,0,0,0,0,1,0,1,0,0,0,0,0,1
-0.004,-1.111,0.348,-0.282,-1.104,0.456,0.997,-0.844,-0.984,0.568,0.752,0.682,-0.092,-0.735,0.034,-1.06,0.401,-0.605,0.216,0,1,1,0,1,0,0,1,0,1,0,0,1,0,1,0,0,0,1,1,0,0,0,0,0,0,0,0,0,1,0,1,0,0,0,0,0,0,1,0,0,0,1,0,0,0,0,1
-0.833,-0.862,-1.092,0.501,1.482,0.133,-0.319,2.077,0.689,-1.913,-1.019,-0.536,-0.092,-0.002,-0.51,0.05,0.401,0.872,0.216,0,1,1,0,1,0,1,0,0,0,1,0,1,0,1,0,0,1,0,0,1,0,0,0,1,0,0,0,0,0,0,1,0,0,0,0,0,0,1,0,0,1,0,0,0,0,1,0
0.35391912661087377,1.371,0.823,-0.673,0.706,0.03022142622325314,-0.867,0.12178385075213558,-1.896,-0.10541452571213832,-0.2067817211075032,-0.23572172832142463,0.11661312878427409,0.182,-0.14545844618466086,0.5496755362395667,0.401,0.037,0.216,0,1,1,0,1,0,0,1,0,0,1,0,1,0,1,0,0,0,1,0,0,1,0,0,0,1,0,0,0,0,0,1,0,0,0,0,0,0,0,1,0,1,0,0,0,0,0,1
0.549,-0.986,-1.092,1.283,0.706,0.020298322007729106,0.449,-0.844,1.45,-0.007,1.666,-0.536,-0.092,-0.735,-0.51,-1.06,0.401,0.037,0.216,0,1,1,0,1,0,0,1,0,0,1,0,1,0,1,0,0,1,0,1,0,0,0,0,0,0,0,0,0,1,0,0,1,0,0,0,0,0,1,0,0,0,1,0,0,0,0,1
-1.663,0.875,2.262,0.423,0.318,-0.513,-0.099,-0.844,0.994,1.234,-0.305,3.525,-0.092,0.182,0.034,-1.06,-1.724,-2.602,0.216,0,1,1,0,1,0,0,1,0,0,1,0,1,0,1,0,0,1,0,0,1,0,0,0,1,0,0,0,0,0,0,0,1,0,0,0,0,0,0,0,1,0,1,0,0,0,0,1
-1.11,-0.738,-1.092,-0.125,-2.009,1.425,0.20316275568213638,-0.844,-0.984,0.694,0.552,-0.536,-0.092,-0.185,-0.238,1.16,0.401,1.325,0.216,0,1,1,0,1,0,0,1,0,1,0,0,1,0,1,0,0,1,0,0,0,0,1,0,0,0,0,0,1,0,0,0,0,0,0,0,1,0,0,1,0,1,0,0,0,0,0,1
-0.28,-0.366,-1.092,0.501,-1.104,0.456,0.449,-0.844,0.689,1.989,-1.504,0.276,-0.092,-1.285,0.034,-1.06,0.401,-1.893,-5.178,0,1,0,1,1,0,0,1,0,0,1,0,1,0,1,0,0,1,0,1,0,0,0,0,0,0,0,0,0,1,0,1,0,0,0,0,0,0,1,0,0,0,1,0,0,0,0,1
-0.004,-1.111,-0.127,-0.36,-0.458,1.425,-0.648,0.689,-0.497,-0.546,-0.476,-0.536,-0.092,0.182,0.034,-1.06,0.401,-0.272,0.216,0,1,1,0,1,0,0,1,0,0,1,0,1,0,1,0,0,1,0,1,0,0,0,0,0,0,1,0,0,0,0,1,0,0,0,0,0,0,0,0,1,0,1,0,0,0,0,1
1.931,-0.49,-1.567,1.283,-0.458,0.133,-0.099,1.245,-0.375,-1.445,-0.134,-0.536,-0.092,1.098,-1.325,1.16,0.401,-1.224,0.216,1,0,1,0,1,0,1,0,0,1,0,0,1,0,1,0,0,1,0,0,1,0,0,0,0,1,0,0,0,0,0,0,1,0,0,0,0,0,1,0,0,1,0,0,0,0,1,0
-0.557,0.379,0.823,-0.516,1.482,0.779,0.21025985519657986,-0.844,1.45,-0.546,2.522,1.089,-0.092,1.098,0.305,-0.394,-1.724,1.611,0.216,0,1,1,0,1,0,0,1,0,0,1,0,1,0,1,0,0,1,0,1,0,0,0,0,0,0,0,0,0,0,1,0,1,0,0,0,0,0,1,0,0,1,0,0,0,0,0,1
-0.336,-0.862,0.348,-0.282,0.189,2.717,-1.196,1.595,-1.592,-1.194,-1.219,-0.536,-0.092,0.182,-2.14,1.16,0.401,1.391,0.216,1,0,1,0,1,0,1,0,0,1,0,0,1,0,1,0,0,0,1,1,0,0,0,0,0,0,1,0,0,0,0,1,0,0,0,0,0,0,1,0,0,1,0,0,0,0,0,1
-0.833,-1.235,-0.09114960486055572,-0.282,0.189,-1.159,-0.099,-0.844,1.748,0.568,0.752,3.119,-0.092,0.182,-0.782,-1.06,0.401,0.682,0.216,0,1,1,0,1,0,0,1,0,0,1,0,1,0,1,0,0,1,0,0,1,0,0,0,0,1,0,0,0,0,0,1,0,0,0,0,0,0,0,0,1,0,1,0,0,0,0,1
-0.004,-1.111,-1.092,-1.064,0.189,0.02812715316650796,-1.196,0.266,0.4808030048420112,-0.241,-0.134,-0.536,-0.092,-0.5352328058714734,-0.15011100910884712,-1.06,0.401,-0.272,0.216,0,1,1,0,1,0,0,1,0,0,1,0,1,0,1,0,0,1,0,1,0,0,0,0,0,0,1,0,0,0,0,0,1,0,0,0,0,0,0,0,1,0,1,0,0,0,0,1
0.272,1.371,0.12190514097767169,-0.282,0.189,0.028124556511163138,0.23132155788672346,-0.026,-0.21296881924889807,0.101,-0.105,-0.536,-0.092,0.182,0.034,0.05,0.401,-1.224,0.216,0,1,1,0,1,0,0,1,0,0,1,0,1,0,1,0,0,1,0,0,0,0,1,0,0,0,0,0,1,0,0,0,0,0,0,1,0,0,0,1,0,0,0,1,0,0,1,0
-1.11,-0.366,-0.617,-0.673,-0.328,0.133,-1.196,-0.844,1.222,1.234,-0.305,1.089,-0.092,0.548,0.577,-0.394,0.401,0.642,-5.178,0,1,1,0,1,0,0,1,0,0,1,0,1,0,1,0,0,0,1,1,0,0,0,0,0,0,1,0,0,0,0,0,1,0,0,0,0,0,1,0,0,0,0,0,0,1,1,0
-0.557,-0.49,1.067,-0.728,-0.328,0.133,-1.634,0.207,0.537,-0.744,0.752,-0.13,-0.092,0.548,1.121,1.16,0.401,-0.605,0.216,1,0,1,0,1,0,1,0,0,1,0,0,1,0,1,0,0,0,1,1,0,0,0,0,0,0,1,0,0,0,0,0,1,0,0,0,0,0,1,0,0,0,0,0,1,0,0,1
-1.663,0.627,2.262,0.501,-1.104,0.04250612149421937,3.189,2.34,-1.288,-1.841,-1.647,-0.536,-0.092,1.098,-0.238,1.16,0.401,-1.244,0.216,1,0,1,0,1,0,1,0,0,1,0,0,1,0,1,0,0,1,0,0,0,1,0,0,0,0,0,1,0,0,0,0,0,1,0,0,0,0,0,1,0,1,0,0,0,0,1,0
-0.141069526388929,0.379,-0.127,0.11,0.189,0.133,0.997,-0.1902131740652557,0.537,0.10603750885371689,0.18413632390138812,0.10169407853511708,-0.009435515628341128,-1.102,0.849,-0.3338693983789988,0.401,0.82,0.002663975267297336,0,1,1,0,1,0,0,0,1,1,0,0,1,0,1,0,0,1,0,1,0,0,0,1,0,0,0,0,0,0,0,0,0,1,0,0,0,0,1,0,0,1,0,0,0,0,1,0
0.549,-0.366,-0.617,0.11,-1.363,0.456,-0.099,-0.844,0.233,0.317,1.152,3.525,-0.092,-1.651,0.034,-1.06,-2.574,-0.605,0.216,0,1,0,1,1,0,0,1,0,0,1,0,1,0,1,0,0,1,0,1,0,0,0,0,0,0,0,0,0,1,0,1,0,0,0,0,0,0,1,0,0,1,0,0,0,0,0,1
-0.28,0.13,0.823,1.127,0.189,-0.513,0.997,-0.844,-0.375,-0.241,2.037,0.682,-0.092,1.098,0.034,-0.172,0.401,0.872,0.216,1,0,1,0,1,0,1,0,0,1,0,0,1,0,1,0,0,1,0,0,0,1,0,0,0,0,0,1,0,0,0,0,0,1,0,0,0,0,0,1,0,1,0,0,0,0,1,0
-0.2938480760345086,-0.366,-0.617,-1.064,0.189,0.133,-0.099,-0.844,0.537,1.234,-0.305,-0.536,-0.092,-0.06604464042798416,0.09004335102005523,1.16,0.401,1.325,0.216,0,1,1,0,1,0,1,0,0,1,0,0,1,0,1,0,0,1,0,1,0,0,0,0,0,0,1,0,0,0,0,1,0,0,0,0,0,0,1,0,0,0,0,0,1,0,0,1
0.11186691593022763,-0.862,-1.092,-0.829,-0.07,-2.451,0.12,-0.844,-0.527,0.209,1.323,0.682,-0.092,0.182,4.11,1.16,0.401,-0.605,0.216,1,0,1,0,1,0,1,0,0,1,0,0,1,0,1,0,0,1,0,0,1,0,0,0,0,1,0,0,0,0,0,1,0,0,0,0,0,0,0,1,0,1,0,0,0,0,0,1
0.3848502373836849,0.627,1.312,-0.203,-0.07,-1.159,-0.209,0.05550944415841975,-1.531,0.013459990294729367,-0.16114621981245336,-0.09870581685245461,0.1056740910340479,0.182,-0.12543412698750142,0.46851710784109935,0.401,-1.224,0.216,0,1,1,0,1,0,0,0,1,1,0,0,1,0,1,0,0,1,0,0,0,1,0,0,0,1,0,0,0,0,0,1,0,0,0,0,0,0,0,1,0,1,0,0,0,0,1,0
0.272,0.875,-0.847,-1.768,-1.104,0.028259827649091927,2.641,0.616,-0.497,-1.014,0.409,-0.536,-0.092,0.915,0.034,-0.172,0.401,-1.228,0.216,1,0,1,0,1,0,1,0,0,1,0,0,1,0,1,0,0,1,0,0,0,1,0,0,0,0,0,1,0,0,0,0,0,1,0,0,0,0,0,0,1,1,0,0,0,0,1,0
-1.11,-0.738,0.348,-0.986,-1.75,1.425,0.3681533411110347,-0.844,-0.984,0.694,0.552,-0.536,-0.092,0.365,0.034,1.16,0.401,1.325,0.216,0,1,1,0,1,0,0,1,0,1,0,0,1,0,1,0,0,1,0,0,0,0,1,0,0,0,0,0,1,0,0,0,1,0,0,0,0,0,0,1,0,1,0,0,0,0,0,1
0.06274150633315434,1.123,-0.127,-0.438,0.189,-0.513,-0.648,-0.04773666277645696,0.081,-0.008614087031275943,0.09040686225133764,0.10513990909296397,0.027078531481281823,0.182,0.034,-0.05826193126561337,0.401,-1.224,0.216,0,1,1,0,1,0,0,0,1,1,0,0,1,0,1,0,0,1,0,1,0,0,0,1,0,0,0,0,0,0,0,0,0,1,0,0,0,0,0,0,1,1,0,0,0,0,1,0
-0.557,-0.49,0.823,1.283,-0.07,0.133,0.449,-0.844,1.754,0.568,0.752,1.089,-0.092,0.182,0.034,-1.06,0.401,-0.605,0.216,0,1,1,0,1,0,0,1,0,0,1,0,1,0,1,0,0,0,1,1,0,0,0,0,0,0,0,0,0,0,1,1,0,0,0,0,0,0,1,0,0,1,0,0,0,0,1,0
-0.557,0.379,0.348,-0.438,1.094,0.024009379184348402,-0.209,-0.844,-2.505,0.568,0.752,-0.536,-0.092,0.915,0.034,1.16,0.401,0.682,0.216,1,0,1,0,1,0,1,0,0,1,0,0,1,0,1,0,0,0,1,0,1,0,0,0,1,0,0,0,0,0,0,0,1,0,0,0,0,0,0,1,0,1,0,0,0,0,0,1
0.825,-1.731,-0.617,-1.064,-0.716,0.133,0.07585157387074845,0.558,-0.68,-0.438,-0.391,-0.536,-0.092,-0.185,0.034,1.16,0.401,1.325,0.216,1,0,1,0,1,0,1,0,0,1,0,0,1,0,1,0,0,1,0,0,0,0,1,0,0,0,0,0,1,0,0,0,0,0,1,0,0,0,0,1,0,1,0,0,0,0,0,1
2.207,1.247,1.312,-0.438,0.189,-1.805,1.545,2.004,-0.497,-2.38,-0.134,-0.536,-0.092,1.098,0.034,-0.616,-1.724,0.433,0.216,1,0,1,0,1,0,1,0,0,1,0,0,1,0,1,0,0,0,1,0,0,1,0,0,0,0,0,1,0,0,0,1,0,0,0,0,0,0,0,1,0,1,0,0,0,0,0,1
1.102,-1.359,0.348,-0.203,-1.233,-0.513,-1.196,2.004,-1.136,-2.057,-0.648,-0.536,-0.092,0.182,-0.238,-0.172,0.401,0.682,0.216,1,0,1,0,1,0,1,0,0,1,0,0,1,0,1,0,0,1,0,1,0,0,0,1,0,0,0,0,0,0,0,0,0,1,0,0,0,0,1,0,0,1,0,0,0,0,0,1
0.549,-0.986,0.348,0.501,-1.104,0.456,-0.099,-0.348,1.754,0.209,0.352,-0.536,-0.092,0.182,-0.51,-1.06,0.401,0.018,0.216,0,1,1,0,1,0,0,1,0,0,1,0,1,0,1,0,0,1,0,1,0,0,0,0,0,0,0,0,0,1,0,1,0,0,0,0,0,0,1,0,0,0,1,0,0,0,0,1
-0.15495794929018802,-0.862,-1.092,0.673,-0.587,0.133,-0.099,0.3045735328623143,1.146,0.0013899607732891367,-0.5742128360071639,-0.04252581486699378,0.009405548137179837,0.731,-0.51,-0.34677396925754767,0.401,0.712,-2.481,0,1,1,0,1,0,0,0,1,1,0,0,1,0,1,0,0,1,0,1,0,0,0,1,0,0,0,0,0,0,0,0,0,1,0,0,0,0,1,0,0,1,0,0,0,0,0,1
-0.557,0.379,0.348,-0.282,-1.104,0.04792060109875905,0.5789797809840521,0.616,-1.998851406164191,-1.014,0.409,-0.536,-0.092,0.182,-0.51,5.598,-3.849,-0.605,0.216,1,0,1,0,1,0,1,0,0,1,0,0,1,0,1,0,0,1,0,0,0,0,1,0,0,0,0,0,1,0,0,0,0,0,0,1,0,0,0,1,0,1,0,0,0,0,1,0
-1.663,0.379,3.226,-1.377,-1.104,0.456,-0.099,-0.844,0.537,0.568,0.752,-0.536,-0.092,-0.185,-0.238,-1.06,-1.724,-0.605,0.216,0,1,1,0,1,0,0,1,0,0,1,0,1,0,1,0,0,1,0,1,0,0,0,0,0,0,0,0,0,1,0,0,1,0,0,0,0,0,1,0,0,1,0,0,0,0,0,1
0.549,0.875,1.312,-1.455,2.775,0.133,0.449,-0.844,-0.223,-0.025,1.694,0.682,-0.092,0.548,-1.325,1.16,-1.724,-0.605,0.216,1,0,1,0,1,0,1,0,0,1,0,0,1,0,1,0,0,0,1,0,1,0,0,0,1,0,0,0,0,0,0,1,0,0,0,0,0,0,0,1,0,1,0,0,0,0,0,1
0.17415389868143627,0.503,1.312,0.11,-0.328,0.133,-0.099,-0.00874172266813364,-0.223,0.053511231764826625,-0.09299765269687862,0.16191838770893477,0.10316205652796151,0.182,0.577,0.16127996267403016,0.401,-1.224,0.216,0,1,1,0,1,0,0,0,1,1,0,0,1,0,1,0,0,1,0,1,0,0,0,1,0,0,0,0,0,0,0,0,0,1,0,0,0,0,1,0,0,1,0,0,0,0,1,0
-0.557,0.379,-1.092,-0.282,-0.845,0.133,0.449,-0.844,2.058,0.515,0.837,-0.536,-0.092,-0.552,0.305,-1.06,0.401,-0.605,0.216,0,1,1,0,1,0,0,1,0,0,1,0,1,0,1,0,0,1,0,1,0,0,0,0,0,0,1,0,0,0,0,0,1,0,0,0,0,0,1,0,0,0,1,0,0,0,1,0
0.11425567854897167,-0.118,-1.092,0.892,-0.587,-0.513,0.339,0.21972539137684796,-0.223,0.07767889796190776,-0.539412165721677,-0.1804741204315823,0.05286045082969171,0.365,0.034,-0.05227248770407551,0.401,0.018,-2.481,0,1,1,0,1,0,0,1,0,0,1,0,1,0,1,0,0,1,0,0,0,1,0,0,1,0,0,0,0,0,0,1,0,0,0,0,0,0,0,1,0,1,0,0,0,0,1,0
-0.004,1.247,1.787,-1.064,-0.07,0.133,-1.196,2.895,0.842,-2.326,-1.961,-0.536,-0.092,0.182,-0.51,-1.06,-1.724,0.433,0.216,0,1,1,0,1,0,0,1,0,0,1,0,1,0,1,0,0,0,1,1,0,0,0,1,0,0,0,0,0,0,0,1,0,0,0,0,0,0,1,0,0,0,1,0,0,0,0,1
-0.29318609777829135,0.13,-0.09163871788863337,2.066,0.447,1.425,-0.648,-0.05670496005722993,0.172,-0.01248308866263834,0.004929881475462614,0.30845563983189933,-0.006355242691855029,-2.568,0.034,-0.46743953539188854,0.401,1.89,0.216,0,1,1,0,1,0,0,0,1,1,0,0,1,0,1,0,0,1,0,1,0,0,0,0,0,0,1,0,0,0,0,0,1,0,0,0,0,0,1,0,0,1,0,0,0,0,0,1
-0.004,0.875,-1.092,-0.282,-0.458,-0.513,-1.196,0.689,0.842,-0.546,-0.505,-0.536,-0.092,0.182,-0.782,-0.394,0.401,0.018,0.216,0,1,1,0,1,0,0,1,0,0,1,0,1,0,1,0,0,1,0,1,0,0,0,1,0,0,0,0,0,0,0,1,0,0,0,0,0,0,1,0,0,1,0,0,0,0,1,0
-0.557,0.379,-0.127,5.352,-0.199,-0.513,0.12,0.069,-2.505,0.11,-0.305,-0.536,-0.092,1.098,0.577,1.16,0.401,0.682,0.216,1,0,1,0,1,0,1,0,0,1,0,0,1,0,1,0,0,1,0,0,1,0,0,0,1,0,0,0,0,0,0,1,0,0,0,0,0,0,0,1,0,1,0,0,0,0,0,1
0.549,-0.49,-0.127,0.501,1.74,0.133,0.449,-0.844,-0.071,2.223,-1.876,-0.13,-0.092,0.365,0.577,-1.06,0.401,-0.605,0.216,0,1,1,0,1,0,0,1,0,0,1,0,1,0,1,0,0,1,0,0,1,0,0,0,1,0,0,0,0,0,0,1,0,0,0,0,0,0,1,0,0,0,1,0,0,0,0,1
0.825,-0.986,-0.617,0.97,-2.655,0.133,-1.196,0.31,-1.045,0.101,-0.733,-0.536,-0.092,-1.285,-0.782,-0.394,0.401,0.017,0.216,0,1,1,0,1,0,1,0,0,0,1,0,1,0,1,0,0,1,0,1,0,0,0,0,0,0,1,0,0,0,0,0,1,0,0,0,0,0,1,0,0,1,0,0,0,0,1,0
-1.441,-1.111,-0.617,0.501,-1.104,-0.513,1.873,-0.844,-1.44,1.485,-0.705,-0.536,-0.092,1.098,0.034,-0.172,0.401,-0.605,0.216,0,1,1,0,1,0,1,0,0,0,1,0,1,0,1,0,0,0,1,0,0,1,0,0,0,0,0,1,0,0,0,0,0,1,0,0,0,0,0,1,0,1,0,0,0,0,0,1
-0.004,-1.359,0.348,0.501,1.352,-0.513,-0.976,-0.844,-1.592,0.784,0.409,-0.13,-0.092,0.182,0.034,1.16,0.401,0.682,0.216,1,0,1,0,1,0,1,0,0,0,0,1,1,0,1,0,0,0,1,0,1,0,0,0,1,0,0,0,0,0,0,1,0,0,0,0,0,0,0,1,0,0,1,0,0,0,0,1
1.102,-0.49,-1.092,-1.064,-0.975,0.03017110967564516,0.3378740926354633,-0.844,-0.68,1.234,-0.305,-0.536,-0.092,0.182,-0.782,1.16,0.401,-2.542,0.216,1,0,1,0,1,0,0,1,0,0,1,0,1,0,1,0,0,1,0,0,0,0,1,0,0,0,0,0,1,0,0,0,1,0,0,0,0,0,0,1,0,1,0,0,0,0,0,1
0.08418109262635415,0.13,-1.092,0.501,-0.458,-2.128,-0.648,0.12174222670509544,-0.984,-0.17985461073859116,0.04782525210896771,-0.21045032667021568,-0.08596278173072242,0.182,-1.053,0.00420965482506247,0.401,1.211,0.216,0,1,1,0,1,0,0,1,0,0,1,0,1,0,1,0,0,1,0,0,0,1,0,0,0,1,0,0,0,0,0,1,0,0,0,0,0,0,0,1,0,1,0,0,0,0,1,0
0.549,1.992,0.348,-0.673,0.965,0.133,-0.976,-0.1149297840764105,-1.592,0.04655920810496819,-0.03426483312730175,-0.12564704117852876,0.09965066127203537,0.182,2.751,0.4440627931248633,0.401,-0.052,0.216,1,0,1,0,1,0,1,0,0,1,0,0,1,0,1,0,0,1,0,0,1,0,0,0,1,0,0,0,0,0,0,0,1,0,0,0,0,0,0,1,0,1,0,0,0,0,1,0
2.207,-0.242,0.823,-1.455,0.447,-0.513,-0.099,-0.844,-1.44,2.259,-1.933,-0.13,-0.092,0.182,0.034,0.716,-0.874,0.033,0.216,1,0,1,0,1,0,1,0,0,1,0,0,1,0,1,0,0,1,0,0,1,0,0,0,1,0,0,0,0,0,0,1,0,0,0,0,0,0,0,1,0,1,0,0,0,0,0,1
-2.215,-1.607,-0.617,-1.064,-1.104,-0.513,-0.648,-0.844,-0.68,0.568,0.752,1.495,-0.092,-1.285,-0.238,-1.06,0.401,0.017,0.216,0,1,1,0,1,0,0,1,0,0,1,0,1,0,1,0,0,1,0,1,0,0,0,1,0,0,0,0,0,0,0,0,0,1,0,0,0,0,1,0,0,0,1,0,0,0,1,0
0.549,-1.111,-1.092,1.283,-0.716,-1.482,-1.196,1.858,-0.071,-1.679,-0.99,0.276,-0.092,0.182,0.034,-0.172,0.401,-0.605,0.216,1,0,1,0,1,0,1,0,0,1,0,0,1,0,1,0,0,0,1,1,0,0,0,1,0,0,0,0,0,0,0,0,0,1,0,0,0,0,1,0,0,1,0,0,0,0,1,0
-0.3040213353428872,-0.614,-0.23414419934397862,0.501,-0.845,-1.159,0.12,-0.844,-0.457,0.568,0.752,-0.536,-0.092,0.182,1.393,-1.06,0.11029667984126959,0.09982392627621149,-0.013538907338195016,0,1,1,0,1,0,0,1,0,0,1,0,1,0,1,0,0,0,1,0,1,0,0,0,0,1,0,0,0,0,0,1,0,0,0,0,0,0,1,0,0,0,1,0,0,0,0,1
0.272,-0.118,-1.092,1.283,-1.104,-1.159,-0.099,0.01480955617797193,0.537,-0.11939970315812483,0.2265055515461447,0.15682544756906824,-0.08486638628034479,-0.368,-0.782,-0.33474765643028936,0.401,0.038,0.216,0,1,1,0,1,0,0,1,0,0,1,0,1,0,1,0,0,1,0,0,1,0,0,0,0,1,0,0,0,0,0,1,0,0,0,0,0,0,1,0,0,1,0,0,0,0,0,1
0.10368386046142479,-1.359,0.348,0.892,0.706,-0.513,-0.538,0.33803579526223937,-0.786,0.09793323269477365,-0.9030938428914934,-0.21789457136356188,0.08839773796354376,0.182,0.034,0.25218389457216694,0.401,0.712,-2.481,0,1,1,0,1,0,0,0,1,0,0,1,1,0,1,0,0,1,0,0,0,1,0,0,1,0,0,0,0,0,0,1,0,0,0,0,0,0,0,1,0,1,0,0,0,0,1,0
-1.663,0.379,0.823,1.127,-0.975,0.133,-0.648,1.785,0.537,-1.913,-0.476,-0.536,-0.092,0.182,-0.238,0.05,-1.724,0.772,0.216,0,1,1,0,1,0,0,1,0,0,1,0,1,0,1,0,0,1,0,1,0,0,0,1,0,0,0,0,0,0,0,1,0,0,0,0,0,0,1,0,0,1,0,0,0,0,0,1
-0.557,-0.986,1.067,0.579,-1.104,-0.513,-1.196,0.777,0.537,-0.007,-1.504,1.089,-0.092,-1.102,-0.238,0.05,0.401,0.037,0.216,0,1,1,0,1,0,1,0,0,0,1,0,1,0,1,0,0,1,0,1,0,0,0,0,0,0,1,0,0,0,0,0,1,0,0,0,0,0,1,0,0,1,0,0,0,0,0,1
-0.31346646796375544,0.006,-1.567,0.501,-0.458,-1.159,-0.099,-0.844,-0.071,0.568,0.752,-0.536,-0.092,-0.552,0.034,-1.06,-1.724,-0.605,0.216,0,1,1,0,1,0,0,1,0,1,0,0,1,0,1,0,0,0,1,0,1,0,0,0,0,1,0,0,0,0,0,0,1,0,0,0,0,0,1,0,0,1,0,0,0,0,0,1
1.102,-0.118,-0.127,1.283,1.352,1.425,-0.976,0.675,-0.527,-0.636,-0.305,-0.231,-0.092,0.182,0.305,-0.172,0.401,-1.893,-5.178,1,0,1,0,1,0,1,0,0,1,0,0,1,0,1,0,0,0,1,1,0,0,0,1,0,0,0,0,0,0,0,0,0,1,0,0,0,0,1,0,0,1,0,0,0,0,0,1
2.207,1.123,-0.127,-0.673,0.189,-2.451,0.777,1.464,0.233,-1.104,-1.133,-0.536,-0.092,0.915,-0.782,1.16,0.401,0.053,0.216,1,0,1,0,1,0,1,0,0,1,0,0,1,0,1,0,0,1,0,0,1,0,0,0,0,1,0,0,0,0,0,0,1,0,0,0,0,0,0,1,0,1,0,0,0,0,0,1
2.207,-1.111,-1.092,1.283,0.189,1.425,-0.976,1.347,1.298,-1.014,-1.019,-0.13,-0.092,0.182,0.034,1.16,0.401,-0.605,0.216,1,0,1,0,1,0,1,0,0,1,0,0,1,0,1,0,0,0,1,1,0,0,0,0,0,0,0,0,0,0,1,1,0,0,0,0,0,0,1,0,0,1,0,0,0,0,0,1
1.378,0.254,1.312,-0.673,-1.104,-0.513,2.97,2.106,-0.68,-2.452,-0.219,0.682,-0.092,1.098,0.034,1.16,-1.724,0.433,0.216,1,0,1,0,1,0,1,0,0,1,0,0,1,0,1,0,0,0,1,0,0,1,0,0,0,0,0,1,0,0,0,0,0,1,0,0,0,0,0,1,0,1,0,0,0,0,0,1
-0.10249310267463095,-0.9421070544850361,0.348,0.892,-1.104,1.425,0.339,-0.19010360059531675,0.242,0.24393438044962046,-0.07874660587957134,0.1973110416985768,0.03562734906149669,0.548,4.926,0.05439798841208633,0.401,0.992,0.216,0,1,1,0,1,0,0,0,1,0,1,0,1,0,1,0,0,1,0,1,0,0,0,0,0,0,1,0,0,0,0,1,0,0,0,0,0,0,1,0,0,1,0,0,0,0,0,1
-0.004,-1.235,-0.127,-1.612,-1.104,0.133,2.093,-0.844,-0.375,1.485,-0.705,-0.536,-0.092,1.098,-0.782,0.716,0.401,2.958,0.216,1,0,1,0,1,0,1,0,0,1,0,0,1,0,1,0,0,0,1,0,0,1,0,0,0,0,0,1,0,0,0,0,0,1,0,0,0,0,0,1,0,1,0,0,0,0,0,1
-1.663,0.379,-1.567,-0.595,-1.104,0.456,-0.099,-0.844,0.537,0.568,0.752,-0.536,-0.092,-1.651,-1.053,-1.06,-1.724,0.772,0.216,0,1,1,0,1,0,0,1,0,0,1,0,1,0,1,0,0,1,0,1,0,0,0,0,0,0,0,0,0,1,0,1,0,0,0,0,0,0,1,0,0,1,0,0,0,0,0,1
0.77,0.13,-0.127,0.501,-0.07,0.133,-0.099,1.215,-1.744,-0.924,4.236,-0.536,-0.092,1.098,-0.238,-0.172,0.401,0.037,0.216,1,0,1,0,1,0,1,0,0,1,0,0,1,0,1,0,0,1,0,1,0,0,0,1,0,0,0,0,0,0,0,1,0,0,0,0,0,0,1,0,0,1,0,0,0,0,1,0
0.825,-0.738,-0.617,0.501,-1.363,0.133,0.1901802374580243,-0.844,-0.68,0.568,0.752,1.089,-0.092,-0.185,-0.51,1.16,0.401,1.325,0.216,1,0,1,0,1,0,1,0,0,1,0,0,1,0,1,0,0,1,0,0,0,0,1,0,0,0,0,0,1,0,0,0,0,0,1,0,0,0,0,1,0,1,0,0,0,0,0,1
-0.557,-1.235,-0.127,0.11,-0.328,0.133,-0.319,-0.319,-0.223,0.82,-0.705,1.089,-0.092,1.098,0.034,1.16,0.401,2.958,0.216,1,0,1,0,1,0,1,0,0,1,0,0,1,0,1,0,0,1,0,0,1,0,0,0,1,0,0,0,0,0,0,1,0,0,0,0,0,0,0,1,0,1,0,0,0,0,0,1
0.217,-0.986,-0.127,0.501,0.189,-0.836,-0.099,0.485,1.754,-0.924,0.523,-0.536,-0.092,0.182,0.305,-1.06,0.401,0.018,0.216,0,1,1,0,1,0,0,1,0,0,1,0,1,0,1,0,0,1,0,1,0,0,0,0,0,0,0,0,0,1,0,0,1,0,0,0,0,0,1,0,0,0,1,0,0,0,0,1
0.549,-0.986,0.348,1.283,1.094,0.456,0.449,-0.844,1.45,0.568,0.752,-0.536,-0.092,-2.018,-0.782,-1.06,0.401,0.037,0.216,0,1,1,0,1,0,0,1,0,0,1,0,1,0,1,0,0,1,0,1,0,0,0,0,0,0,0,0,0,1,0,1,0,0,0,0,0,0,1,0,0,1,0,0,0,0,0,1
-0.557,0.13,0.055398858135805376,-1.455,0.835,0.133,-0.099,-0.17778099773283185,0.233,0.20809973838977525,0.08120999741883492,0.11876977725419376,0.04534774487139829,-4.401,-2.684,-0.5968608148873038,0.401,-1.723,0.216,0,1,1,0,1,0,0,1,0,0,1,0,1,0,1,0,0,1,0,1,0,0,0,0,0,0,0,0,0,1,0,0,0,0,0,0,1,0,1,0,0,1,0,0,0,0,1,0
1.655,-0.118,-0.127,-0.36,1.223,-1.805,0.12,0.66,-0.375,-0.744,-0.134,1.495,-0.092,1.098,0.849,1.16,0.401,0.053,0.216,1,0,1,0,1,0,1,0,0,1,0,0,1,0,1,0,0,0,1,0,1,0,0,0,0,1,0,0,0,0,0,1,0,0,0,0,0,0,0,1,0,1,0,0,0,0,0,1
-1.663,0.254,0.348,-0.282,0.189,0.133,-0.099,1.347,1.42,-1.014,-1.019,-0.536,-0.092,0.182,0.034,-0.394,0.401,1.531,0.216,0,1,1,0,1,0,0,1,0,0,1,0,1,0,1,0,0,0,1,1,0,0,0,0,0,0,1,0,0,0,0,0,1,0,0,0,0,0,1,0,0,0,1,0,0,0,1,0
-0.004,0.875,-1.092,-0.282,-0.845,-0.513,-0.648,0.689,0.842,-0.546,-0.505,1.495,-0.092,0.182,-0.51,-0.394,0.401,0.018,0.216,0,1,1,0,1,0,0,1,0,0,1,0,1,0,1,0,0,1,0,1,0,0,0,1,0,0,0,0,0,0,0,0,0,1,0,0,0,0,1,0,0,1,0,0,0,0,1,0
-0.557,-1.359,0.348,-0.36,-0.458,-0.513,-0.319,-0.216,0.537,-0.438,1.123,1.089,-0.092,0.182,1.393,-1.06,0.401,2.96,0.216,0,1,0,1,1,0,0,1,0,0,1,0,1,0,1,0,0,1,0,0,1,0,0,0,0,1,0,0,0,0,0,1,0,0,0,0,0,0,1,0,0,1,0,0,0,0,1,0
-0.557,0.379,1.787,-0.125,1.223,0.779,-0.07731764273103377,0.017,1.45,-1.104,1.723,2.713,-0.092,0.182,0.034,-0.394,-1.724,1.611,0.216,0,1,1,0,1,0,0,1,0,0,1,0,1,0,1,0,0,1,0,1,0,0,0,0,0,0,0,0,0,0,1,1,0,0,0,0,0,0,1,0,0,1,0,0,0,0,0,1
0.0782714738443952,1.495,-0.617,0.11,0.06,-0.513,0.449,-0.08525232249573605,-0.193,-0.07837711463393711,0.2555385580014366,-0.027257637526254055,-0.015573162528395273,-0.002,0.034,-0.11460466241286388,0.401,0.642,0.216,0,1,1,0,1,0,0,0,1,1,0,0,1,0,1,0,0,1,0,1,0,0,0,1,0,0,0,0,0,0,0,1,0,0,0,0,0,0,1,0,0,1,0,0,0,0,0,1
-0.557,-1.235,-1.092,0.344,-0.845,1.425,-0.099,-0.844,0.537,1.234,-0.305,-0.536,-0.092,0.182,0.034,-1.06,0.401,0.872,0.216,0,1,1,0,1,0,0,1,0,0,1,0,1,0,1,0,0,1,0,1,0,0,0,0,0,0,1,0,0,0,0,1,0,0,0,0,0,0,0,0,1,0,1,0,0,0,1,0
1.378,0.379,1.312,0.657,0.06,-1.159,-0.867,1.931,-0.984,-1.445,-1.476,1.495,-0.092,1.098,0.034,-0.616,-1.724,-1.943,0.216,1,0,1,0,1,0,1,0,0,1,0,0,1,0,1,0,0,1,0,0,1,0,0,0,0,1,0,0,0,0,0,1,0,0,0,0,0,0,0,1,0,1,0,0,0,0,0,1
1.102,-0.242,-0.127,-2.238,-1.104,-0.513,-0.099,-0.026,-0.223,-0.007,0.095,-0.536,-0.092,0.182,-0.238,-0.172,0.401,0.724,0.216,1,0,1,0,1,0,1,0,0,1,0,0,1,0,1,0,0,0,1,1,0,0,0,1,0,0,0,0,0,0,0,0,0,1,0,0,0,0,1,0,0,1,0,0,0,0,0,1
-0.004,-1.235,-0.127,-1.612,-1.104,0.133,2.093,-0.844,-0.375,0.82,0.352,-0.536,-0.092,1.098,-0.51,0.716,0.401,2.958,0.216,1,0,1,0,1,0,1,0,0,1,0,0,1,0,1,0,0,0,1,0,0,1,0,0,0,0,0,1,0,0,0,1,0,0,0,0,0,0,0,1,0,1,0,0,0,0,0,1
-0.004,-1.235,0.823,0.344,-0.07,1.425,0.997,-0.844,1.45,1.234,-0.305,1.089,-0.092,0.182,1.121,0.05,0.401,-0.605,0.216,0,1,1,0,1,0,1,0,0,0,1,0,1,0,1,0,0,1,0,1,0,0,0,0,0,0,0,0,0,0,1,1,0,0,0,0,0,0,1,0,0,0,0,1,0,0,0,1
1.102,0.503,0.348,-1.846,0.965,0.133,-0.319,1.157,-0.375,-1.194,-0.362,-0.536,-0.092,1.098,-0.51,-0.172,-1.724,-0.605,0.216,1,0,1,0,1,0,1,0,0,1,0,0,1,0,1,0,0,0,1,0,1,0,0,0,1,0,0,0,0,0,0,1,0,0,0,0,0,0,0,1,0,1,0,0,0,0,0,1
0.0956041250784632,0.627,-1.092,1.283,-0.458,0.133,-0.648,0.223896417854469,-0.68,0.07555923242293221,-0.6070200257370629,-0.11202228566351144,0.08798403820645276,-0.735,0.034,-0.14559795007850568,0.401,0.018,-2.481,0,1,1,0,1,0,0,1,0,0,1,0,1,0,1,0,0,1,0,0,0,1,0,0,0,1,0,0,0,0,0,0,1,0,0,0,0,0,0,1,0,1,0,0,0,0,1,0
-0.557,-0.738,0.348,-0.673,-1.104,-0.513,-0.648,-0.844,-0.984,0.694,0.552,-0.536,-0.092,-0.735,0.034,1.16,0.401,-0.605,0.216,1,0,1,0,1,0,1,0,0,1,0,0,1,0,1,0,0,1,0,1,0,0,0,1,0,0,0,0,0,0,0,0,0,1,0,0,0,0,1,0,0,1,0,0,0,0,1,0
-0.557,-0.242,-0.617,-0.047,-0.587,1.425,0.339,-0.844,0.537,1.234,-0.305,-0.536,-0.092,-0.368,0.034,0.05,0.401,-0.605,0.216,0,1,1,0,1,0,0,1,0,0,1,0,1,0,1,0,0,1,0,1,0,0,0,0,0,0,0,0,0,0,1,1,0,0,0,0,0,0,1,0,0,1,0,0,0,0,1,0
1.102,-0.118,-1.092,1.283,-0.07,-2.451,0.12,0.573,0.233,-0.618,-0.134,-0.536,-0.092,1.098,-0.238,0.05,0.401,-1.21,-5.178,0,1,1,0,1,0,1,0,0,1,0,0,1,0,1,0,0,1,0,0,1,0,0,0,0,1,0,0,0,0,0,1,0,0,0,0,0,0,1,0,0,0,0,0,0,1,1,0
0.549,-0.986,-0.127,-1.064,-0.587,-0.513,-1.196,-0.523,-0.071,0.101,0.866,-0.536,-0.092,1.098,0.034,0.716,0.401,-1.229,0.216,1,0,1,0,1,0,1,0,0,1,0,0,1,0,1,0,0,0,1,1,0,0,0,1,0,0,0,0,0,0,0,0,0,1,0,0,0,0,1,0,0,1,0,0,0,0,0,1
-0.004,0.379,-1.567,2.066,1.482,-1.159,-0.538,0.368,0.157,-0.636,0.295,-0.536,-0.092,1.098,0.034,-0.394,-1.724,0.772,0.216,0,1,1,0,1,0,0,1,0,0,1,0,1,0,1,0,0,1,0,0,1,0,0,0,0,1,0,0,0,0,0,0,1,0,0,0,0,0,0,0,1,0,1,0,0,0,0,1
0.549,1.868,0.348,-0.438,0.189,-0.513,-0.099,-0.053700643627019644,0.051,-0.09048231016333194,0.20056668788320142,0.0718461319652351,0.04151055521072421,0.182,0.034,-0.01666880000813218,0.401,-0.605,0.216,0,1,1,0,1,0,1,0,0,0,1,0,1,0,1,0,0,1,0,1,0,0,0,1,0,0,0,0,0,0,0,0,0,1,0,0,0,0,0,0,1,1,0,0,0,0,0,1
-0.833,-0.862,0.348,-0.282,0.835,0.133,0.339,-0.844,-1.288,1.234,-0.305,-0.536,-0.092,0.731,0.034,-1.504,0.401,0.017,0.216,0,1,1,0,1,0,1,0,0,0,1,0,1,0,1,0,0,1,0,0,1,0,0,0,1,0,0,0,0,0,0,0,1,0,0,0,0,0,0,1,0,1,0,0,0,0,1,0
-0.004,0.627,0.348,0.11,-0.07,0.133,-0.038269433528650476,0.777,-1.44,-0.025,-1.504,-0.536,-0.092,-0.368,-0.238,-1.504,-1.724,-0.605,0.216,1,0,1,0,1,0,1,0,0,1,0,0,1,0,1,0,0,1,0,0,0,0,1,0,0,0,0,0,1,0,0,0,0,0,0,1,0,0,0,1,0,1,0,0,0,0,0,1
1.655,0.254,0.823,0.892,1.223,0.133,2.641,2.384,-0.832,-2.632,-0.476,-0.536,-0.092,1.098,-0.51,1.16,-1.724,0.413,0.216,1,0,1,0,1,0,1,0,0,1,0,0,1,0,1,0,0,0,1,0,0,1,0,0,0,0,0,1,0,0,0,1,0,0,0,0,0,0,0,1,0,1,0,0,0,0,0,1
