X1,X2,X3,X4,X5,X6,X7,X8,X9,X10,X11,X12,X13,X14,X15,X16,X17,X18,X19,Y,C1_V1,C1_V2,C2_V1,C2_V2,C3_V1,C3_V2,C4_V1,C4_V2,C4_V3,C5_V1,C5_V2,C5_V3,C6_V1,C6_V2,C7_V1,C7_V2,C7_V3,C8_V1,C8_V2,C9_V1,C9_V2,C9_V3,C9_V4,C10_V1,C10_V2,C10_V3,C10_V4,C10_V5,C10_V6,C10_V7,C10_V8,C11_V1,C11_V2,C11_V3,C11_V4,C11_V5,C11_V6,C11_V7,C12_V1,C12_V2,C12_V3,C13_V1,C13_V2,C13_V3,C13_V4,C13_V5,C14_V1,C14_V2
0.549,-0.738,1.312,-2.629,-1.104,0.133,3.189,-0.844,-0.527,0.82,0.352,0.073,-0.092,1.098,0.034,1.16,0.401,0.037,0.216,1,1,0,1,0,1,0,1,0,0,1,0,0,1,0,0,1,0,1,0,0,0,1,0,0,0,0,0,1,0,0,0,0,0,1,0,0,0,0,0,1,0,1,0,0,0,0,0,1
2.207,-0.986,0.823,0.501,-0.458,1.425,0.12,2.472,-0.223,-1.823,-1.933,-0.536,-0.092,1.098,0.034,0.716,0.401,0.724,0.216,-1,1,0,1,0,1,0,1,0,0,1,0,0,1,0,1,0,0,1,0,0,1,0,0,0,1,0,0,0,0,0,0,1,0,0,0,0,0,0,0,1,0,1,0,0,0,0,1,0
2.207,-0.986,-1.092,0.501,-1.363,0.133,-0.099,1.42,-0.223,-1.284,-0.762,-0.536,-0.092,1.098,0.034,0.716,0.401,0.712,0.216,-1,1,0,1,0,1,0,1,0,0,1,0,0,1,0,1,0,0,1,0,0,1,0,0,0,1,0,0,0,0,0,0,0,1,0,0,0,0,0,0,1,0,1,0,0,0,0,0,1
0.549,-0.118,1.312,-1.064,0.189,0.133,0.997,0.689,-0.375,-0.546,-0.505,-0.536,-0.092,0.182,0.034,0.716,0.401,0.393,0.216,1,1,0,1,0,1,0,1,0,0,1,0,0,1,0,1,0,0,1,0,1,0,0,0,1,0,0,0,0,0,0,0,1,0,0,0,0,0,0,1,0,0,1,0,0,0,0,1,0
0.549,-0.118,0.348,-0.282,-1.104,1.425,-0.099,0.616,-0.68,-1.014,0.409,-0.536,-0.092,0.731,0.034,0.716,0.401,0.724,0.216,1,1,0,1,0,1,0,1,0,0,1,0,0,1,0,1,0,0,1,0,1,0,0,0,1,0,0,0,0,0,0,0,0,0,1,0,0,0,0,1,0,0,1,0,0,0,0,1,0
-0.557,-0.738,0.348,-0.673,-1.104,-0.513,-0.648,-0.844,-0.984,0.694,0.552,-0.536,-0.092,-0.735,0.034,1.16,0.401,-0.605,0.216,1,1,0,1,0,1,0,1,0,0,1,0,0,1,0,1,0,0,1,0,1,0,0,0,1,0,0,0,0,0,0,0,0,0,1,0,0,0,0,1,0,0,1,0,0,0,0,1,0
0.549,-0.986,-0.127,0.501,-0.458,1.425,-1.196,1.464,-0.68,-1.104,-1.105,-0.536,-0.092,0.182,0.034,0.716,0.401,0.037,0.216,-1,1,0,1,0,1,0,1,0,0,1,0,0,1,0,1,0,0,1,0,1,0,0,0,1,0,0,0,0,0,0,0,1,0,0,0,0,0,0,1,0,0,1,0,0,0,0,1,0
-0.05170658733561935,-0.738,-0.617,-0.282,1.094,1.425,0.2829367507787595,-0.844,-1.288,1.234,-0.305,-0.536,-0.092,0.182,0.034,1.16,0.401,0.037,0.216,1,0,1,1,0,1,0,0,1,0,0,1,0,1,0,1,0,0,0,1,0,0,0,1,0,0,0,0,0,1,0,0,0,1,0,0,0,0,0,0,1,0,1,0,0,0,0,1,0
-1.663,-0.738,-1.092,-1.064,-1.75,-0.012674337689973511,0.12581341860214265,-0.844,-0.68,1.234,-0.305,-0.536,-0.092,0.182,-0.51,-0.394,0.401,-0.605,0.216,-1,0,1,1,0,1,0,0,1,0,0,1,0,1,0,1,0,0,0,1,0,0,0,1,0,0,0,0,0,1,0,0,0,0,0,1,0,0,0,0,1,0,0,1,0,0,0,1,0
-1.663,-0.738,-1.092,0.11,-1.75,-0.00529417576897883,-0.07681503994772124,0.017,-0.68,0.568,-0.933,-0.536,-0.092,0.182,2.208,-0.394,0.401,-0.605,0.216,-1,0,1,1,0,1,0,0,1,0,0,1,0,1,0,1,0,0,0,1,0,0,0,1,0,0,0,0,0,1,0,0,0,0,0,0,1,0,0,0,1,0,0,1,0,0,0,1,0
1.655,-1.607,0.823,0.892,-1.621,0.133,-0.2785863964049125,0.134,-1.288,0.101,-0.419,-0.536,-0.092,-2.385,1.121,-0.616,0.401,0.037,0.216,-1,1,0,1,0,1,0,1,0,0,1,0,0,1,0,1,0,0,1,0,0,0,0,1,0,0,0,0,0,1,0,0,0,0,0,0,1,0,0,0,1,0,0,1,0,0,0,1,0
-0.557,-0.738,-1.092,-0.282,-0.328,0.456,-0.099,-0.844,1.754,1.234,-0.305,-0.536,-0.092,-2.568,0.034,-1.06,0.401,0.872,0.216,-1,0,1,1,0,1,0,0,1,0,0,1,0,1,0,0,0,1,1,0,1,0,0,0,0,0,0,0,0,0,1,0,0,1,0,0,0,0,0,1,0,0,0,1,0,0,0,1,0
-0.557,-1.235,-1.092,0.344,-0.845,1.425,-0.099,-0.844,0.537,1.234,-0.305,-0.536,-0.092,0.182,0.034,-1.06,0.401,0.872,0.216,1,0,1,1,0,1,0,0,1,0,0,1,0,1,0,1,0,0,1,0,1,0,0,0,0,0,0,1,0,0,0,0,1,0,0,0,0,0,0,0,0,1,0,1,0,0,0,1,0
-0.557,-1.111,-1.092,-0.673,-0.587,1.425,-0.648,0.324,0.842,0.335,-1.162,-0.536,-0.092,-0.185,-0.782,0.05,0.401,0.872,0.216,1,0,1,1,0,1,0,0,1,0,0,1,0,1,0,1,0,0,1,0,1,0,0,0,0,0,0,1,0,0,0,0,0,1,0,0,0,0,0,1,0,0,0,0,1,0,0,1,0
-0.004,-1.111,-1.092,-1.064,-1.104,1.425,-1.196,0.324,0.081,0.335,-1.162,-0.536,-0.092,-0.735,-0.782,0.05,0.401,0.872,0.216,1,0,1,1,0,1,0,0,1,0,0,1,0,1,0,1,0,0,1,0,1,0,0,0,0,0,0,1,0,0,0,0,0,1,0,0,0,0,0,1,0,0,0,0,1,0,0,1,0
0.549,-0.738,0.348,-0.282,-0.328,1.425,-0.099,0.324,0.994,0.335,-1.162,-0.536,-0.092,0.182,0.034,0.05,0.401,0.872,0.216,-1,0,1,1,0,1,0,1,0,0,0,1,0,1,0,1,0,0,1,0,1,0,0,0,0,0,0,1,0,0,0,0,0,1,0,0,0,0,0,1,0,0,0,0,1,0,0,1,0
0.549,-0.738,0.348,-0.125,-0.845,1.425,-0.648,0.017,0.994,0.568,-0.933,-0.536,-0.092,0.182,0.034,0.05,0.401,0.872,0.216,-1,0,1,1,0,1,0,1,0,0,0,1,0,1,0,1,0,0,1,0,1,0,0,0,0,0,0,1,0,0,0,0,1,0,0,0,0,0,0,1,0,0,0,0,1,0,0,1,0
-1.11,-1.111,-0.3080417987062437,-0.282,-0.458,0.133,-0.099,-0.844,0.842,0.568,0.752,-0.536,-0.092,-0.735,-0.51,-1.06,0.401,0.872,0.216,1,0,1,1,0,1,0,0,1,0,0,1,0,1,0,1,0,0,0,1,1,0,0,0,0,0,0,0,0,0,0,1,1,0,0,0,0,0,0,1,0,0,0,1,0,0,0,1,0
-1.663,-0.738,-0.617,1.283,-1.104,0.133,0.449,-0.844,1.146,0.568,0.752,-0.536,-0.092,0.182,0.034,-0.394,0.401,0.682,0.216,1,0,1,1,0,1,0,0,1,0,0,1,0,1,0,1,0,0,0,1,1,0,0,0,0,0,0,0,0,0,0,1,1,0,0,0,0,0,0,1,0,0,0,1,0,0,0,0,1
-0.833,-0.862,-1.092,0.501,1.482,0.133,-0.319,2.077,0.689,-1.913,-1.019,-0.536,-0.092,-0.002,-0.51,0.05,0.401,0.872,0.216,-1,0,1,1,0,1,0,1,0,0,0,1,0,1,0,1,0,0,1,0,0,1,0,0,0,1,0,0,0,0,0,0,1,0,0,0,0,0,0,1,0,0,1,0,0,0,0,1,0
-0.833,-0.862,-1.092,0.892,1.611,0.133,-0.099,2.326,0.689,-2.183,-1.076,-0.536,-0.092,0.548,-0.51,0.05,0.401,0.872,0.216,-1,0,1,1,0,1,0,1,0,0,0,1,0,1,0,1,0,0,1,0,0,1,0,0,0,1,0,0,0,0,0,0,0,1,0,0,0,0,0,1,0,0,1,0,0,0,0,1,0
-0.004,-0.862,-0.127,-0.986,-0.07,-0.513,-0.976,0.266,-0.953,-0.241,-0.162,-0.536,-0.092,0.182,-0.782,-0.172,0.401,2.245,0.216,-1,1,0,1,0,1,0,1,0,0,1,0,0,1,0,1,0,0,1,0,1,0,0,0,1,0,0,0,0,0,0,0,1,0,0,0,0,0,0,1,0,0,1,0,0,0,0,1,0
-0.557,-0.862,-1.092,-1.064,-1.233,-0.513,-1.196,0.397,-0.953,-0.438,-0.076,0.276,-0.092,0.182,-0.238,-0.172,0.401,1.391,0.216,-1,1,0,1,0,1,0,1,0,0,1,0,0,1,0,1,0,0,1,0,1,0,0,0,1,0,0,0,0,0,0,0,0,0,1,0,0,0,0,1,0,0,1,0,0,0,0,0,1
-0.557,-0.49,0.823,1.283,-0.07,0.133,0.449,-0.844,1.754,0.568,0.752,1.089,-0.092,0.182,0.034,-1.06,0.401,-0.605,0.216,1,0,1,1,0,1,0,0,1,0,0,1,0,1,0,1,0,0,0,1,1,0,0,0,0,0,0,0,0,0,0,1,1,0,0,0,0,0,0,1,0,0,1,0,0,0,0,1,0
-1.663,-1.111,-1.092,0.031,-1.88,0.779,-0.33690122663740246,-0.844,-1.212,1.324,-0.448,-0.536,-0.092,-2.568,0.849,-0.172,0.401,0.872,0.216,-1,0,1,1,0,1,0,0,1,0,0,1,0,1,0,1,0,0,1,0,0,0,0,1,0,0,0,0,0,1,0,0,0,0,0,0,1,0,0,0,1,0,1,0,0,0,0,1,0
-0.004,-1.607,-0.18209880178654844,-0.282,0.189,-0.513,-0.099,0.178,-0.68,0.443,-1.047,-0.536,-0.092,0.182,1.393,-1.06,0.401,0.037,0.216,1,0,1,1,0,1,0,0,1,0,0,1,0,1,0,1,0,0,1,0,0,1,0,0,0,1,0,0,0,0,0,0,1,0,0,0,0,0,0,0,0,1,0,1,0,0,0,0,1
-0.557,-0.986,-0.127,0.501,2.258,1.425,-0.319,-0.844,-0.984,0.568,0.752,0.276,-0.092,1.098,-0.51,1.16,0.401,0.017,0.216,-1,1,0,1,0,1,0,1,0,0,1,0,0,1,0,1,0,0,1,0,0,1,0,0,0,0,1,0,0,0,0,0,1,0,0,0,0,0,0,1,0,0,1,0,0,0,0,1,0
-1.386,-0.986,-1.092,-0.282,0.447,1.425,0.01,0.266,-0.984,-0.241,-0.162,1.089,-0.092,0.182,0.034,1.16,0.401,0.017,0.216,-1,1,0,1,0,1,0,1,0,0,1,0,0,1,0,1,0,0,1,0,0,1,0,0,0,0,1,0,0,0,0,0,0,1,0,0,0,0,0,1,0,0,1,0,0,0,0,1,0
-0.833,-0.862,0.348,-0.282,0.835,0.133,0.339,-0.844,-1.288,1.234,-0.305,-0.536,-0.092,0.731,0.034,-1.504,0.401,0.017,0.216,-1,0,1,1,0,1,0,1,0,0,0,1,0,1,0,1,0,0,1,0,0,1,0,0,0,1,0,0,0,0,0,0,0,1,0,0,0,0,0,0,1,0,1,0,0,0,0,1,0
-1.11,-0.862,0.348,0.501,0.189,1.425,0.12,0.178,-1.288,0.443,-1.047,-0.536,-0.092,1.098,0.034,-1.504,0.401,0.017,0.216,-1,0,1,1,0,1,0,1,0,0,0,1,0,1,0,1,0,0,1,0,0,1,0,0,0,1,0,0,0,0,0,0,1,0,0,0,0,0,0,0,1,0,1,0,0,0,0,0,1
-1.663,-1.111,-1.092,0.031,-1.88,0.779,-0.3166928410126499,-0.844,-1.212,1.09,-0.076,-0.536,-0.092,-2.568,0.849,-0.172,0.401,0.872,0.216,-1,0,1,1,0,1,0,0,1,0,0,1,0,1,0,1,0,0,1,0,0,0,0,1,0,0,0,0,0,1,0,0,0,0,0,0,1,0,0,0,1,0,1,0,0,0,0,1,0
0.549,-0.986,-1.092,0.501,0.447,0.779,-0.099,-0.844,1.359,-0.007,1.666,4.337,-0.092,-0.735,0.034,-1.06,0.401,0.037,0.216,-1,0,1,1,0,1,0,0,1,0,0,1,0,1,0,1,0,0,1,0,1,0,0,0,0,0,0,0,0,0,1,0,0,1,0,0,0,0,0,1,0,0,0,1,0,0,0,0,1
0.549,-0.986,0.348,0.736,0.189,0.456,-0.099,-0.844,1.359,-0.007,1.666,4.337,-0.092,-1.651,1.393,-1.06,0.401,0.037,0.216,-1,0,1,1,0,1,0,0,1,0,0,1,0,1,0,1,0,0,1,0,1,0,0,0,0,0,0,0,0,0,1,0,1,0,0,0,0,0,0,1,0,0,0,1,0,0,0,0,1
1.655,-0.986,-0.127,0.344,-2.785,0.133,-0.757,-0.669,-1.045,0.443,0.609,-0.536,-0.092,-1.835,1.936,-0.394,0.401,0.017,0.216,-1,0,1,1,0,1,0,1,0,0,0,1,0,1,0,1,0,0,1,0,1,0,0,0,0,0,0,1,0,0,0,0,1,0,0,0,0,0,0,1,0,0,1,0,0,0,0,1,0
0.825,-0.986,-0.617,0.97,-2.655,0.133,-1.196,0.31,-1.045,0.101,-0.733,-0.536,-0.092,-1.285,-0.782,-0.394,0.401,0.017,0.216,-1,0,1,1,0,1,0,1,0,0,0,1,0,1,0,1,0,0,1,0,1,0,0,0,0,0,0,1,0,0,0,0,0,1,0,0,0,0,0,1,0,0,1,0,0,0,0,1,0
0.549,-0.986,0.348,1.283,1.094,0.456,0.449,-0.844,1.45,0.568,0.752,-0.536,-0.092,-2.018,-0.782,-1.06,0.401,0.037,0.216,-1,0,1,1,0,1,0,0,1,0,0,1,0,1,0,1,0,0,1,0,1,0,0,0,0,0,0,0,0,0,1,0,1,0,0,0,0,0,0,1,0,0,1,0,0,0,0,0,1
-2.215,-1.607,-1.092,-1.846,-0.458,-0.513,-0.648,-0.844,-0.68,0.335,1.123,-0.536,-0.092,0.182,-0.374,-1.06,0.401,0.017,0.216,-1,0,1,1,0,1,0,0,1,0,0,1,0,1,0,1,0,0,1,0,1,0,0,0,1,0,0,0,0,0,0,0,1,0,0,0,0,0,0,1,0,0,0,1,0,0,0,1,0
-2.215,-1.607,-0.617,-1.064,-1.104,-0.513,-0.648,-0.844,-0.68,0.568,0.752,1.495,-0.092,-1.285,-0.238,-1.06,0.401,0.017,0.216,-1,0,1,1,0,1,0,0,1,0,0,1,0,1,0,1,0,0,1,0,1,0,0,0,1,0,0,0,0,0,0,0,0,0,1,0,0,0,0,1,0,0,0,1,0,0,0,1,0
-0.557,-0.614,0.823,0.423,-0.07,-1.159,0.339,-0.494,0.537,0.964,-0.562,-0.536,-0.092,-0.002,0.849,0.05,0.401,0.037,0.216,-1,0,1,1,0,1,0,1,0,0,1,0,0,1,0,1,0,0,1,0,0,1,0,0,0,0,1,0,0,0,0,0,0,1,0,0,0,0,0,1,0,0,0,0,1,0,0,1,0
-0.004,-1.235,0.823,1.283,-0.07,0.133,-1.634,1.215,-2.201,-0.924,-0.905,-0.536,-0.092,0.182,0.034,3.379,0.401,-1.21,0.216,1,1,0,1,0,1,0,1,0,0,1,0,0,1,0,1,0,0,1,0,1,0,0,0,0,0,0,1,0,0,0,0,1,0,0,0,0,0,0,1,0,0,1,0,0,0,0,1,0
0.272,-1.235,-0.617,0.892,-0.845,0.133,-1.196,1.215,-1.592,-0.924,-0.905,1.089,-0.092,0.182,0.034,3.379,0.401,-1.21,0.216,1,1,0,1,0,1,0,1,0,0,1,0,0,1,0,1,0,0,1,0,1,0,0,0,0,0,0,1,0,0,0,0,1,0,0,0,0,0,0,1,0,0,1,0,0,0,0,1,0
-0.557,-0.614,-1.092,-0.282,-1.363,0.133,-0.319,-0.844,-0.375,0.568,0.752,-0.536,-0.092,-2.568,0.034,-0.394,0.401,0.037,0.216,-1,0,1,0,1,1,0,0,1,0,0,1,0,1,0,1,0,0,0,1,1,0,0,0,0,0,0,0,0,0,1,0,1,0,0,0,0,0,0,1,0,0,0,1,0,0,0,0,1
-0.557,-0.614,-0.127,0.892,-1.363,0.779,-0.648,-0.844,-0.375,0.568,0.752,-0.536,-0.092,-2.568,0.034,-0.394,0.401,0.018,0.216,-1,0,1,0,1,1,0,0,1,0,0,1,0,1,0,1,0,0,0,1,1,0,0,0,0,0,0,0,0,0,1,0,0,1,0,0,0,0,0,1,0,0,0,1,0,0,0,1,0
-0.557,-1.979,-0.617,2.066,0.835,-0.513,-0.099,-0.844,0.537,1.234,-0.305,-0.536,-0.092,0.182,-0.238,-1.06,0.401,0.018,0.216,-1,0,1,1,0,1,0,0,1,0,0,1,0,1,0,1,0,0,1,0,0,1,0,0,0,1,0,0,0,0,0,0,0,1,0,0,0,0,0,0,0,1,0,1,0,0,0,1,0
0.549,-0.986,-1.092,1.283,0.706,-0.0334379171339351,0.449,-0.844,1.45,-0.007,1.666,-0.536,-0.092,-0.735,-0.51,-1.06,0.401,0.037,0.216,-1,0,1,1,0,1,0,0,1,0,0,1,0,1,0,1,0,0,1,0,1,0,0,0,0,0,0,0,0,0,1,0,0,1,0,0,0,0,0,1,0,0,0,1,0,0,0,0,1
-1.11,-1.607,1.787,-2.629,-2.138,0.133,1.654,-0.158,-1.288,0.568,-0.591,-0.536,-0.092,-0.735,0.034,-1.504,0.401,0.018,0.216,-1,0,1,1,0,1,0,1,0,0,0,1,0,1,0,1,0,0,1,0,0,0,1,0,0,0,0,0,1,0,0,0,0,0,1,0,0,0,0,0,1,0,1,0,0,0,0,1,0
-1.11,-1.607,2.262,0.501,-1.104,0.133,2.093,-0.844,-1.288,1.234,-0.305,-0.536,-0.092,0.731,1.393,-1.504,0.401,0.018,0.216,-1,0,1,1,0,1,0,1,0,0,0,1,0,1,0,1,0,0,1,0,0,0,1,0,0,0,0,0,1,0,0,0,1,0,0,0,0,0,0,0,1,0,1,0,0,0,0,1,0
0.549,-0.614,-1.092,-0.595,-2.397,-0.513,-0.648,0.689,-0.223,-0.546,-0.505,0.276,-0.092,-0.002,-0.51,-1.504,0.401,-1.21,0.216,1,1,0,1,0,1,0,1,0,0,1,0,0,1,0,1,0,0,1,0,1,0,0,0,1,0,0,0,0,0,0,0,0,0,1,0,0,0,0,1,0,0,1,0,0,0,0,1,0
-0.557,-0.49,0.823,7.152,-0.07,0.779,-0.099,0.441,0.842,-0.133,-0.648,5.961,-0.092,-0.185,0.034,1.16,0.401,-0.605,0.216,1,1,0,1,0,1,0,1,0,0,1,0,0,1,0,1,0,0,1,0,1,0,0,0,0,0,0,1,0,0,0,0,1,0,0,0,0,0,0,1,0,0,0,0,0,1,0,0,1
-0.557,-0.49,1.067,-0.728,-0.328,0.133,-1.634,0.207,0.537,-0.744,0.752,-0.13,-0.092,0.548,1.121,1.16,0.401,-0.605,0.216,1,1,0,1,0,1,0,1,0,0,1,0,0,1,0,1,0,0,0,1,1,0,0,0,0,0,0,1,0,0,0,0,0,1,0,0,0,0,0,1,0,0,0,0,0,1,0,0,1
-0.557,-1.483,-0.617,-0.282,-0.199,0.133,-1.196,0.529,0.537,-0.636,-0.019,-0.536,-0.092,0.182,0.034,1.16,0.401,0.037,0.216,-1,1,0,1,0,1,0,1,0,0,1,0,0,1,0,1,0,0,1,0,1,0,0,0,0,0,0,1,0,0,0,0,1,0,0,0,0,0,0,1,0,0,0,0,0,1,0,0,1
-0.557,-1.483,-1.092,-0.282,0.06,0.133,-1.196,0.879,0.537,-1.194,0.181,-0.536,-0.092,0.182,0.034,1.16,0.401,0.037,0.216,-1,1,0,1,0,1,0,1,0,0,1,0,0,1,0,1,0,0,1,0,1,0,0,0,0,0,0,1,0,0,0,0,0,1,0,0,0,0,0,1,0,0,0,0,0,1,0,0,1
-0.3003300109675119,-0.986,-0.127,-0.908,-1.363,0.133,-1.415,-0.844,0.537,1.234,-0.305,-0.536,-0.092,0.182,0.577,1.16,0.401,0.682,0.216,1,0,1,1,0,1,0,1,0,0,1,0,0,1,0,1,0,0,1,0,1,0,0,0,0,0,0,1,0,0,0,0,1,0,0,0,0,0,0,1,0,0,0,0,0,1,0,1,0
-0.24518280888368413,-0.366,-0.617,-1.064,0.189,0.133,-0.099,-0.844,0.537,1.234,-0.305,-0.536,-0.092,-0.01743515076026225,0.0749855684801736,1.16,0.401,1.325,0.216,1,0,1,1,0,1,0,1,0,0,1,0,0,1,0,1,0,0,1,0,1,0,0,0,0,0,0,1,0,0,0,0,1,0,0,0,0,0,0,1,0,0,0,0,0,1,0,0,1
-0.32451085069222607,-1.359,-0.127,0.814,-0.845,1.425,-0.538,-0.844,0.537,1.234,-0.305,-0.536,-0.092,0.182,0.034,1.16,0.401,0.682,0.216,1,0,1,1,0,1,0,1,0,0,1,0,0,1,0,1,0,0,0,1,1,0,0,0,0,0,0,1,0,0,0,0,1,0,0,0,0,0,0,1,0,0,0,0,0,1,0,1,0
-0.557,-1.359,1.067,2.457,0.835,-0.836,-0.099,-0.844,0.233,1.234,-0.305,1.089,-0.092,-1.102,1.121,1.16,0.401,0.682,0.216,1,1,0,1,0,1,0,1,0,0,1,0,0,1,0,1,0,0,1,0,1,0,0,0,0,0,0,0,0,0,1,0,0,1,0,0,0,0,0,1,0,0,0,0,0,1,0,1,0
-0.28,-1.235,0.348,-1.064,-1.104,-0.513,-1.196,-0.508,-0.223,0.335,0.409,1.089,-0.092,0.182,-0.782,0.05,0.401,-1.21,0.216,-1,0,1,1,0,1,0,1,0,0,0,1,0,1,0,1,0,0,1,0,1,0,0,0,1,0,0,0,0,0,0,0,0,0,1,0,0,0,0,1,0,0,1,0,0,0,0,1,0
-1.11,-1.483,-1.092,0.657,0.706,1.425,-0.099,-0.844,0.842,1.234,-0.305,1.089,-0.092,-0.735,-0.238,-1.06,0.401,-1.78,0.216,-1,0,1,1,0,1,0,0,1,0,0,1,0,1,0,1,0,0,1,0,1,0,0,0,0,0,0,0,0,0,0,1,0,1,0,0,0,0,0,1,0,0,0,1,0,0,0,0,1
-1.11,-0.738,0.348,-0.986,-1.75,1.425,0.4270857904135671,-0.844,-0.984,0.694,0.552,-0.536,-0.092,0.365,0.034,1.16,0.401,1.325,0.216,-1,0,1,1,0,1,0,0,1,0,1,0,0,1,0,1,0,0,1,0,0,0,0,1,0,0,0,0,0,1,0,0,0,1,0,0,0,0,0,0,1,0,1,0,0,0,0,0,1
0.549,-0.986,0.823,-1.048,-1.363,0.133,2.75,0.237,-0.071,-0.438,0.238,-0.536,1.112,1.098,0.849,1.16,0.401,1.325,0.216,-1,0,1,1,0,1,0,1,0,0,1,0,0,1,0,0,1,0,1,0,0,0,1,0,0,0,0,0,1,0,0,0,1,0,0,0,0,0,0,0,1,0,1,0,0,0,0,0,1
2.484,-0.738,-1.092,0.11,0.189,-1.159,0.339,1.537,-0.427,-2.183,0.466,1.901,-0.092,0.182,0.034,1.16,0.401,1.325,0.216,-1,0,1,1,0,1,0,1,0,0,1,0,0,1,0,1,0,0,1,0,0,1,0,0,0,0,1,0,0,0,0,0,1,0,0,0,0,0,0,0,1,0,1,0,0,0,0,0,1
1.102,-1.731,-0.127,0.501,-0.458,-0.513,-1.196,-0.026,0.081,-0.007,0.095,-0.536,-0.092,-2.935,-0.646,-0.394,0.401,1.325,0.216,-1,0,1,1,0,1,0,0,1,0,0,1,0,1,0,1,0,0,1,0,1,0,0,0,1,0,0,0,0,0,0,0,1,0,0,0,0,0,0,1,0,0,0,1,0,0,0,0,1
-0.28,-1.235,-1.092,-1.064,0.189,-0.513,-1.196,0.237,-0.223,-0.438,0.238,-0.536,-0.092,-0.552,-0.238,0.05,0.401,-1.21,0.216,-1,0,1,1,0,1,0,1,0,0,0,1,0,1,0,1,0,0,1,0,1,0,0,0,1,0,0,0,0,0,0,0,1,0,0,0,0,0,0,1,0,0,1,0,0,0,0,1,0
0.825,-0.738,-1.092,-0.047,-0.845,0.133,0.08267041071965833,0.967,-0.68,-0.744,-0.705,-0.536,-0.092,0.182,0.034,1.16,0.401,1.325,0.216,-1,1,0,1,0,1,0,1,0,0,1,0,0,1,0,1,0,0,1,0,0,0,0,1,0,0,0,0,0,1,0,0,0,0,0,0,1,0,0,0,1,0,1,0,0,0,0,0,1
-1.11,-0.738,-1.092,-0.125,-2.009,1.425,0.2393998526246245,-0.844,-0.984,0.694,0.552,-0.536,-0.092,-0.185,-0.238,1.16,0.401,1.325,0.216,-1,0,1,1,0,1,0,0,1,0,1,0,0,1,0,1,0,0,1,0,0,0,0,1,0,0,0,0,0,1,0,0,0,0,0,0,0,1,0,0,1,0,1,0,0,0,0,0,1
0.825,-0.738,-0.617,0.501,-1.363,0.133,0.18321666086726365,-0.844,-0.68,0.568,0.752,1.089,-0.092,-0.185,-0.51,1.16,0.401,1.325,0.216,-1,1,0,1,0,1,0,1,0,0,1,0,0,1,0,1,0,0,1,0,0,0,0,1,0,0,0,0,0,1,0,0,0,0,0,1,0,0,0,0,1,0,1,0,0,0,0,0,1
0.438,-0.986,1.067,-0.673,-0.587,0.133,-0.867,0.485,0.233,0.209,-1.276,0.276,-0.092,-3.118,-2.14,0.05,0.401,0.037,0.216,1,0,1,1,0,1,0,1,0,0,0,1,0,1,0,1,0,0,1,0,0,1,0,0,0,0,1,0,0,0,0,0,0,1,0,0,0,0,0,1,0,0,1,0,0,0,0,0,1
0.825,-1.731,-0.617,-1.064,-0.716,0.133,0.07933254634908081,0.558,-0.68,-0.438,-0.391,-0.536,-0.092,-0.185,0.034,1.16,0.401,1.325,0.216,-1,1,0,1,0,1,0,1,0,0,1,0,0,1,0,1,0,0,1,0,0,0,0,1,0,0,0,0,0,1,0,0,0,0,0,1,0,0,0,0,1,0,1,0,0,0,0,0,1
0.825,-0.986,-0.127,-0.203,-0.328,-1.159,0.01,0.12,-0.527,-0.133,-0.019,-0.536,-0.092,0.182,1.393,1.16,0.401,1.325,0.216,-1,1,0,1,0,1,0,1,0,0,1,0,0,1,0,1,0,0,1,0,0,0,0,1,0,0,0,0,0,1,0,0,0,1,0,0,0,0,0,0,1,0,1,0,0,0,0,0,1
-0.557,-0.862,-1.092,0.579,-0.07,1.102,-0.099,-0.026,-0.071,-0.007,0.095,-0.536,-0.092,-0.735,0.034,0.05,0.401,0.037,0.216,-1,0,1,1,0,1,0,1,0,0,0,1,0,1,0,1,0,0,1,0,1,0,0,0,0,0,0,0,0,0,0,1,0,1,0,0,0,0,0,1,0,0,0,0,1,0,0,0,1
0.825,-1.731,-1.092,-0.282,-1.621,0.133,0.14751422541689208,1.098,-0.68,-0.007,1.037,-0.536,-0.092,-0.002,-0.51,1.16,0.401,-0.605,0.216,-1,1,0,1,0,1,0,1,0,0,1,0,0,1,0,1,0,0,1,0,0,0,0,1,0,0,0,0,0,1,0,0,0,0,0,0,1,0,0,0,1,0,1,0,0,0,0,0,1
-0.557,-0.986,1.067,0.892,-0.845,-0.513,-1.196,0.485,0.537,0.209,-1.276,1.089,-0.092,0.182,-1.325,0.05,0.401,0.037,0.216,-1,0,1,1,0,1,0,1,0,0,0,1,0,1,0,1,0,0,1,0,1,0,0,0,0,0,0,1,0,0,0,0,1,0,0,0,0,0,0,1,0,0,1,0,0,0,0,0,1
-0.557,-0.986,1.067,0.579,-1.104,-0.513,-1.196,0.777,0.537,-0.007,-1.504,1.089,-0.092,-1.102,-0.238,0.05,0.401,0.037,0.216,-1,0,1,1,0,1,0,1,0,0,0,1,0,1,0,1,0,0,1,0,1,0,0,0,0,0,0,1,0,0,0,0,0,1,0,0,0,0,0,1,0,0,1,0,0,0,0,0,1
-0.557,-0.986,-0.127,0.501,0.189,-0.836,-0.099,-0.026,0.233,-0.007,0.095,-0.536,-0.092,-0.368,0.849,-1.06,0.401,0.037,0.216,-1,0,1,1,0,1,0,0,1,0,0,1,0,1,0,1,0,0,1,0,1,0,0,0,0,0,0,0,0,0,1,0,0,1,0,0,0,0,0,1,0,0,0,1,0,0,0,0,1
-0.004,-0.738,-0.05356251755915833,-0.516,-0.458,-0.513,-0.099,1.347,-0.272,-1.014,-1.019,0.276,-0.092,-1.651,-1.053,-0.172,0.401,0.037,0.216,1,1,0,1,0,1,0,1,0,0,1,0,0,1,0,1,0,0,1,0,1,0,0,0,1,0,0,0,0,0,0,0,0,0,1,0,0,0,0,1,0,0,1,0,0,0,0,1,0
1.655,-0.242,0.823,-0.36,-0.199,0.133,-0.428,-0.844,-0.527,0.568,0.752,-0.536,-0.092,0.182,-0.782,-0.394,0.401,0.059,0.216,-1,0,1,1,0,1,0,1,0,0,0,1,0,1,0,1,0,0,1,0,0,1,0,0,0,0,1,0,0,0,0,0,1,0,0,0,0,0,0,1,0,0,1,0,0,0,0,0,1
1.102,-0.242,-0.127,-2.238,-1.104,-0.513,-0.099,-0.026,-0.223,-0.007,0.095,-0.536,-0.092,0.182,-0.238,-0.172,0.401,0.724,0.216,1,1,0,1,0,1,0,1,0,0,1,0,0,1,0,1,0,0,0,1,1,0,0,0,1,0,0,0,0,0,0,0,0,0,1,0,0,0,0,1,0,0,1,0,0,0,0,0,1
-0.004,-0.738,-0.1780626010949276,-0.203,-0.458,-0.513,-1.196,1.347,-0.223,-1.014,-1.019,-0.536,-0.092,-1.468,-0.238,-0.172,0.401,0.037,0.216,-1,1,0,1,0,1,0,1,0,0,1,0,0,1,0,1,0,0,1,0,1,0,0,0,1,0,0,0,0,0,0,0,1,0,0,0,0,0,0,1,0,0,1,0,0,0,0,1,0
1.102,-0.242,-1.092,0.188,-0.587,0.133,-0.757,-0.844,-0.527,0.568,0.752,-0.536,-0.092,0.182,1.936,-0.394,0.401,0.059,0.216,-1,0,1,1,0,1,0,1,0,0,0,1,0,1,0,1,0,0,1,0,0,1,0,0,0,0,1,0,0,0,0,0,0,1,0,0,0,0,0,1,0,0,1,0,0,0,0,0,1
-0.557,-0.242,-0.617,-0.047,-0.587,1.425,0.339,-0.844,0.537,1.234,-0.305,-0.536,-0.092,-0.368,0.034,0.05,0.401,-0.605,0.216,-1,0,1,1,0,1,0,0,1,0,0,1,0,1,0,1,0,0,1,0,1,0,0,0,0,0,0,0,0,0,0,1,1,0,0,0,0,0,0,1,0,0,1,0,0,0,0,1,0
-0.557,-0.242,-0.617,1.127,-0.07,1.102,-0.099,-0.844,0.537,1.234,-0.305,-0.536,-0.092,-0.002,-0.238,0.05,0.401,-0.605,0.216,-1,0,1,1,0,1,0,0,1,0,0,1,0,1,0,1,0,0,1,0,1,0,0,0,0,0,0,0,0,0,0,1,0,1,0,0,0,0,0,1,0,0,1,0,0,0,0,1,0
-0.28,-0.614,0.348,-1.064,-0.199,-0.513,1.216,1.464,0.081,-1.104,-1.133,2.713,-0.092,-1.651,-0.51,-0.172,0.401,-0.605,0.216,1,1,0,1,0,1,0,1,0,0,1,0,0,1,0,1,0,0,1,0,1,0,0,0,1,0,0,0,0,0,0,0,0,0,1,0,0,0,0,1,0,0,1,0,0,0,0,1,0
-1.11,-0.862,-1.092,0.11,2.775,0.779,-0.099,-0.844,1.146,-0.438,2.351,-0.536,-0.092,-4.401,-2.684,-1.06,0.401,-0.605,0.216,1,0,1,0,1,1,0,0,1,0,0,1,0,1,0,1,0,0,1,0,1,0,0,0,0,0,0,0,0,0,0,1,0,0,0,0,1,0,0,1,0,0,0,1,0,0,0,1,0
-0.336,-0.862,0.348,-0.282,0.189,2.717,-1.196,1.595,-1.592,-1.194,-1.219,-0.536,-0.092,0.182,-2.14,1.16,0.401,1.391,0.216,-1,1,0,1,0,1,0,1,0,0,1,0,0,1,0,1,0,0,0,1,1,0,0,0,0,0,0,1,0,0,0,0,1,0,0,0,0,0,0,1,0,0,1,0,0,0,0,0,1
-0.004,-0.862,0.348,0.11,-0.458,2.717,-1.196,1.215,-1.592,-0.924,-0.905,-0.536,-0.092,0.182,1.393,1.16,0.401,1.391,0.216,-1,1,0,1,0,1,0,1,0,0,1,0,0,1,0,1,0,0,0,1,1,0,0,0,0,0,0,1,0,0,0,0,0,1,0,0,0,0,0,1,0,0,1,0,0,0,0,0,1
0.549,-0.986,0.348,0.501,-1.104,0.456,-0.099,-0.348,1.754,0.209,0.352,-0.536,-0.092,0.182,-0.51,-1.06,0.401,0.018,0.216,-1,0,1,1,0,1,0,0,1,0,0,1,0,1,0,1,0,0,1,0,1,0,0,0,0,0,0,0,0,0,1,0,1,0,0,0,0,0,0,1,0,0,0,1,0,0,0,0,1
0.217,-0.986,-0.127,0.501,0.189,-0.836,-0.099,0.485,1.754,-0.924,0.523,-0.536,-0.092,0.182,0.305,-1.06,0.401,0.018,0.216,-1,0,1,1,0,1,0,0,1,0,0,1,0,1,0,1,0,0,1,0,1,0,0,0,0,0,0,0,0,0,1,0,0,1,0,0,0,0,0,1,0,0,0,1,0,0,0,0,1
-1.11,-0.366,-0.617,0.501,-0.328,0.456,-0.099,0.456,0.233,-1.104,0.866,-0.536,-0.092,0.182,0.577,-1.06,0.401,0.037,0.216,-1,0,1,1,0,1,0,0,1,0,0,1,0,1,0,1,0,0,1,0,1,0,0,0,0,0,0,0,0,0,1,0,1,0,0,0,0,0,0,1,0,0,0,1,0,0,0,1,0
-1.11,-0.366,-0.617,0.501,0.965,-0.836,-0.099,1.507,0.233,-1.985,0.209,-0.536,-0.092,0.182,1.393,-1.06,0.401,0.037,0.216,-1,0,1,1,0,1,0,0,1,0,0,1,0,1,0,1,0,0,1,0,1,0,0,0,0,0,0,0,0,0,1,0,0,1,0,0,0,0,0,1,0,0,0,1,0,0,0,1,0
3.037,0.379,-1.092,-0.673,0.447,0.133,2.093,-0.523,0.233,0.191,0.866,-0.536,-0.092,1.098,-0.238,1.16,-2.574,-0.605,0.216,-1,1,0,1,0,1,0,1,0,0,1,0,0,1,0,1,0,0,1,0,0,0,1,0,0,0,0,0,1,0,0,0,1,0,0,0,0,0,0,0,1,0,1,0,0,0,0,0,1
0.272,0.379,-1.092,0.564,-1.233,1.425,0.26000312024056244,-0.362,-0.375,-0.025,0.723,-0.536,-0.092,0.182,-0.238,1.16,-3.849,0.053,0.216,-1,1,0,1,0,1,0,1,0,0,1,0,0,1,0,1,0,0,1,0,0,0,0,1,0,0,0,0,0,1,0,0,0,0,0,1,0,0,0,0,1,0,1,0,0,0,0,0,1
1.655,-0.118,0.348,-0.282,-0.845,0.133,-0.099,1.478,-0.375,-2.057,0.352,-0.13,-0.092,1.098,-1.325,1.16,-2.574,-0.605,0.216,1,1,0,1,0,1,0,1,0,0,1,0,0,1,0,1,0,0,1,0,0,1,0,0,0,0,1,0,0,0,0,0,1,0,0,0,0,0,0,0,1,0,1,0,0,0,0,0,1
0.549,-0.366,0.823,0.344,-1.104,-0.009773229619265321,-0.099,-0.844,0.233,0.568,0.752,1.495,-0.092,0.182,0.577,-1.06,-2.574,-0.605,0.216,-1,0,1,0,1,1,0,0,1,0,0,1,0,0,1,1,0,0,1,0,1,0,0,0,0,0,0,0,0,0,1,0,0,1,0,0,0,0,0,1,0,0,0,1,0,0,0,0,1
0.549,-0.366,-0.617,0.11,-1.363,0.456,-0.099,-0.844,0.233,0.317,1.152,3.525,-0.092,-1.651,0.034,-1.06,-2.574,-0.605,0.216,-1,0,1,0,1,1,0,0,1,0,0,1,0,1,0,1,0,0,1,0,1,0,0,0,0,0,0,0,0,0,1,0,1,0,0,0,0,0,0,1,0,0,1,0,0,0,0,0,1
-0.557,0.379,-0.617,-0.282,0.189,0.133,-0.319,-0.844,-0.071,0.568,0.752,-0.536,-0.092,0.182,0.577,-1.06,-2.574,-0.605,0.216,-1,0,1,1,0,1,0,0,1,0,0,1,0,1,0,1,0,0,1,0,0,1,0,0,0,1,0,0,0,0,0,0,0,1,0,0,0,0,0,0,1,0,0,1,0,0,0,0,1
-0.557,0.379,0.348,-0.282,1.223,0.133,-0.319,-0.844,-0.071,0.568,0.752,-0.536,-0.092,0.182,0.577,-1.06,-2.574,-0.605,0.216,-1,0,1,1,0,1,0,0,1,0,0,1,0,1,0,1,0,0,1,0,0,1,0,0,0,1,0,0,0,0,0,0,1,0,0,0,0,0,0,0,1,0,0,1,0,0,0,0,1
-0.557,0.379,0.823,-0.986,0.189,0.004892519527267474,-1.196,2.778,0.081,-2.578,-1.333,0.682,-0.092,0.182,-0.51,1.16,0.401,0.053,0.216,-1,1,0,1,0,1,0,1,0,0,1,0,0,1,0,1,0,0,0,1,1,0,0,0,1,0,0,0,0,0,0,0,0,0,1,0,0,0,0,1,0,0,1,0,0,0,0,1,0
0.549,1.743,0.4523813199288694,1.283,2.775,-0.513,2.312,-0.026,-0.527,-0.025,0.095,-0.536,-0.092,1.098,-1.053,2.269,-0.42778493821189234,-0.4933506262800611,0.216,1,1,0,1,0,1,0,1,0,0,0,0,1,1,0,1,0,0,0,1,0,0,1,0,0,0,0,0,1,0,0,0,1,0,0,0,0,0,0,0,1,0,1,0,0,0,0,0,1
0.825,1.371,2.262,-0.673,2.128,0.133,-1.196,-0.844,0.385,0.568,0.752,-0.536,-0.092,-0.735,0.034,0.716,-1.724,-0.605,0.216,1,1,0,1,0,1,0,1,0,0,0,0,1,1,0,1,0,0,0,1,1,0,0,0,1,0,0,0,0,0,0,0,0,0,1,0,0,0,0,1,0,0,1,0,0,0,0,0,1
0.549,0.627,-1.092,-0.829,3.421,0.133,4.285,-0.844,-0.68,-0.025,1.694,-0.536,-0.092,1.098,0.034,2.269,-1.724,-0.605,0.216,1,1,0,1,0,1,0,1,0,0,1,0,0,1,0,1,0,0,0,1,0,0,1,0,0,0,0,0,1,0,0,0,1,0,0,0,0,0,0,0,1,0,1,0,0,0,0,0,1
0.272,1.371,0.823,-0.282,0.706,-0.023825301672104737,0.24758290271863193,-0.026,-0.2072084554746951,0.101,-0.105,-0.536,-0.092,0.182,0.034,0.05,0.401,-1.264,0.216,-1,0,1,1,0,1,0,0,1,0,0,1,0,1,0,1,0,0,1,0,0,0,0,1,0,0,0,0,0,1,0,0,0,0,0,0,0,0,1,0,1,0,0,0,1,0,0,1,0
0.272,1.371,0.1420207047706492,-0.282,0.189,-0.026498005856195384,0.2273077464276685,-0.026,-0.24373982765386154,0.101,-0.105,-0.536,-0.092,0.182,0.034,0.05,0.401,-1.224,0.216,-1,0,1,1,0,1,0,0,1,0,0,1,0,1,0,1,0,0,1,0,0,0,0,1,0,0,0,0,0,1,0,0,0,0,0,0,1,0,0,0,1,0,0,0,1,0,0,1,0
-1.663,0.875,2.262,0.423,0.318,-0.513,-0.099,-0.844,0.994,1.234,-0.305,3.525,-0.092,0.182,0.034,-1.06,-1.724,-2.602,0.216,-1,0,1,1,0,1,0,0,1,0,0,1,0,1,0,1,0,0,1,0,0,1,0,0,0,1,0,0,0,0,0,0,0,1,0,0,0,0,0,0,0,1,0,1,0,0,0,0,1
-1.663,0.875,0.823,0.736,-0.07,-0.513,-0.099,-0.844,0.994,0.568,0.752,3.525,-0.092,0.182,0.034,-1.06,-1.724,-2.602,0.216,-1,0,1,1,0,1,0,0,1,0,0,1,0,1,0,1,0,0,1,0,0,1,0,0,0,1,0,0,0,0,0,0,1,0,0,0,0,0,0,0,0,1,0,1,0,0,0,0,1
-1.663,0.006,0.348,0.501,-1.104,0.456,-1.196,-0.844,1.298,0.568,0.752,-0.536,-0.092,-1.651,-1.053,-1.06,-1.724,0.053,0.216,-1,0,1,1,0,1,0,0,1,0,0,1,0,1,0,1,0,0,1,0,1,0,0,0,0,0,0,0,0,0,1,0,1,0,0,0,0,0,0,1,0,0,0,1,0,0,0,0,1
-1.663,0.006,0.823,0.501,-0.328,0.779,-0.648,1.946,1.298,-2.326,-0.105,0.682,-0.092,-2.201,-1.325,-1.06,-1.724,0.053,0.216,-1,0,1,1,0,1,0,0,1,0,0,1,0,0,1,1,0,0,1,0,1,0,0,0,0,0,0,0,0,0,1,0,0,1,0,0,0,0,0,1,0,0,0,1,0,0,0,0,1
-1.663,0.875,2.751,-0.282,2.516,0.133,-0.099,-0.844,1.45,0.568,0.752,1.901,-0.092,-0.277,0.034,-1.06,-1.724,-0.605,0.216,-1,0,1,1,0,1,0,0,1,0,0,1,0,1,0,1,0,0,1,0,1,0,0,0,0,0,0,1,0,0,0,0,0,1,0,0,0,0,0,1,0,0,0,1,0,0,0,0,1
-1.663,0.875,2.751,-0.282,2.258,0.133,-0.099,-0.844,1.45,0.568,0.752,1.901,-0.092,1.098,-0.646,-1.06,-1.724,-0.605,0.216,-1,0,1,1,0,1,0,0,1,0,0,1,0,1,0,1,0,0,1,0,1,0,0,0,0,0,0,1,0,0,0,0,1,0,0,0,0,0,0,1,0,0,0,1,0,0,0,0,1
0.825,0.379,2.262,0.736,1.482,0.133,0.777,-0.844,-0.071,1.234,-0.019,-0.536,-0.092,0.915,0.305,-0.394,-1.724,-0.605,0.216,-1,1,0,1,0,1,0,0,1,0,1,0,0,1,0,1,0,0,0,1,0,1,0,0,0,1,0,0,0,0,0,0,0,1,0,0,0,0,0,1,0,0,0,1,0,0,0,0,1
1.157,0.379,-0.617,-0.282,0.447,0.133,0.777,-0.844,-0.071,0.568,0.752,-0.536,-0.092,-0.735,0.034,-0.394,-1.724,-0.605,0.216,-1,1,0,1,0,1,0,0,1,0,1,0,0,1,0,1,0,0,0,1,0,1,0,0,0,1,0,0,0,0,0,0,1,0,0,0,0,0,0,1,0,0,0,1,0,0,0,0,1
-0.557,0.379,0.16889206993843725,-0.595,0.835,-0.003377975613699454,-1.196,2.326,0.081,-2.183,-1.076,-0.536,-0.092,0.182,-0.51,1.16,-0.19912853484327445,0.09952839535276473,0.216,-1,1,0,1,0,1,0,1,0,0,1,0,0,1,0,0,1,0,1,0,1,0,0,0,1,0,0,0,0,0,0,0,1,0,0,0,0,0,0,1,0,0,1,0,0,0,0,0,1
0.549,0.254,0.348,0.501,-1.75,0.133,0.05142963876085735,1.464,-1.592,-1.104,-1.105,-0.536,-0.092,0.182,0.034,-1.504,-1.724,-1.903,0.216,-1,1,0,1,0,1,0,1,0,0,1,0,0,1,0,1,0,0,1,0,0,0,0,1,0,0,0,0,0,1,0,0,0,0,0,0,1,0,0,0,1,0,0,0,0,0,1,0,1
0.549,0.254,0.348,0.892,1.482,0.133,0.07933418498426416,0.806,-1.592,-0.744,-0.419,-0.536,-0.092,0.182,-0.782,-1.504,-1.724,-0.605,0.216,-1,1,0,1,0,1,0,1,0,0,1,0,0,1,0,1,0,0,1,0,0,0,0,1,0,0,0,0,0,1,0,0,0,0,0,0,0,0,1,0,1,0,0,0,0,0,1,0,1
0.549,0.999,1.312,-1.846,1.74,-0.513,1.983,-0.844,-1.592,0.568,0.752,-0.536,-0.092,1.098,0.305,1.16,-1.724,-0.605,0.216,1,1,0,1,0,1,0,1,0,0,0,0,1,1,0,1,0,0,1,0,0,0,1,0,0,0,0,0,1,0,0,0,0,0,1,0,0,0,0,0,1,0,1,0,0,0,0,0,1
1.378,0.503,0.823,-1.064,0.965,0.133,-0.099,1.055,-0.375,-1.014,-0.448,-0.536,-0.092,0.915,-0.238,-0.172,-1.724,-0.605,0.216,-1,1,0,1,0,1,0,1,0,0,1,0,0,1,0,1,0,0,0,1,0,1,0,0,0,1,0,0,0,0,0,0,0,1,0,0,0,0,0,0,1,0,1,0,0,0,0,0,1
1.102,0.503,0.348,-1.846,0.965,0.133,-0.319,1.157,-0.375,-1.194,-0.362,-0.536,-0.092,1.098,-0.51,-0.172,-1.724,-0.605,0.216,-1,1,0,1,0,1,0,1,0,0,1,0,0,1,0,1,0,0,0,1,0,1,0,0,0,1,0,0,0,0,0,0,1,0,0,0,0,0,0,0,1,0,1,0,0,0,0,0,1
0.26955738112260136,1.123,0.24671132352088762,0.11,0.189,-0.01873079634800307,-0.099,1.055,-0.223,-0.241,-1.704,-0.536,-0.092,0.64,0.034,-0.394,-0.1935161691694033,-0.10363804538743088,0.216,-1,0,1,1,0,1,0,0,1,0,0,1,0,1,0,1,0,0,1,0,0,1,0,0,0,1,0,0,0,0,0,0,0,1,0,0,0,0,0,0,1,0,0,1,0,0,0,0,1
0.44045690212439575,1.123,0.21582441417156942,-0.282,-0.07,-0.513,0.339,1.347,-0.223,-1.014,-1.019,-0.536,-0.092,0.182,0.034,-0.394,-0.23797694252960053,-0.026433476794080722,0.216,-1,0,1,1,0,1,0,0,1,0,0,1,0,1,0,1,0,0,1,0,0,1,0,0,0,1,0,0,0,0,0,0,1,0,0,0,0,0,0,0,1,0,0,1,0,0,0,0,1
0.549,0.999,1.787,-0.282,1.482,0.133,0.5125513624217571,-0.844,-0.984,0.568,0.752,-0.536,-0.092,0.182,0.034,1.16,-1.724,-0.605,0.216,1,1,0,1,0,1,0,1,0,0,0,0,1,1,0,1,0,0,0,1,0,0,0,1,0,0,0,0,0,1,0,0,0,0,0,0,0,0,1,0,1,0,1,0,0,0,0,0,1
1.102,-0.242,-0.617,0.188,0.189,1.425,-0.099,4.385,0.385,-2.506,-4.589,-0.13,-0.092,0.548,0.034,1.16,-0.874,-0.605,0.216,1,1,0,1,0,1,0,1,0,0,1,0,0,1,0,1,0,0,0,1,1,0,0,0,1,0,0,0,0,0,0,0,0,0,1,0,0,0,0,1,0,0,1,0,0,0,0,0,1
2.207,-0.242,0.823,-1.455,0.447,-0.513,-0.099,-0.844,-1.44,2.259,-1.933,-0.13,-0.092,0.182,0.034,0.716,-0.874,0.033,0.216,1,1,0,1,0,1,0,1,0,0,1,0,0,1,0,1,0,0,1,0,0,1,0,0,0,1,0,0,0,0,0,0,1,0,0,0,0,0,0,0,1,0,1,0,0,0,0,0,1
2.207,1.743,1.787,-1.064,2.775,0.133,0.997,0.178,-1.896,0.443,-1.047,-0.536,-0.092,0.182,0.034,1.16,-1.724,-0.605,0.216,1,0,1,1,0,1,0,1,0,0,1,0,0,1,0,1,0,0,0,1,0,0,1,0,0,0,0,0,1,0,0,0,1,0,0,0,0,0,0,0,1,0,1,0,0,0,0,0,1
0.549,0.875,0.348,0.501,0.2698044494786369,0.779,-0.757,-0.844,1.146,0.568,0.752,-0.536,-0.092,-2.201,-1.053,-1.06,1.251,-1.853,0.216,-1,0,1,1,0,1,0,0,1,0,0,1,0,1,0,1,0,0,1,0,1,0,0,0,0,0,0,0,0,0,1,0,0,0,0,0,0,0,1,1,0,0,0,1,0,0,0,1,0
2.207,0.875,1.787,-0.282,-0.587,-0.513,0.12,-0.844,-0.071,0.335,1.123,-0.13,-0.092,0.182,0.034,0.716,-0.874,0.033,0.216,1,1,0,1,0,1,0,1,0,0,1,0,0,1,0,1,0,0,0,1,0,1,0,0,0,1,0,0,0,0,0,0,0,1,0,0,0,0,0,0,1,0,1,0,0,0,0,0,1
0.549,0.875,0.823,0.11,-0.458,0.456,-0.757,-0.844,1.146,0.568,0.752,-0.536,-0.092,-1.651,-1.053,-1.06,1.251,-0.605,0.216,-1,0,1,1,0,1,0,0,1,0,0,1,0,1,0,1,0,0,1,0,1,0,0,0,0,0,0,0,0,0,1,0,1,0,0,0,0,0,0,1,0,0,0,1,0,0,0,1,0
1.931,-0.49,-1.567,1.283,-0.458,0.133,-0.099,1.245,-0.375,-1.445,-0.134,-0.536,-0.092,1.098,-1.325,1.16,0.401,-1.224,0.216,1,1,0,1,0,1,0,1,0,0,1,0,0,1,0,1,0,0,1,0,0,1,0,0,0,0,1,0,0,0,0,0,0,1,0,0,0,0,0,1,0,0,1,0,0,0,0,1,0
-0.557,-0.49,-1.092,-0.282,-0.458,0.133,-0.648,-0.844,0.842,0.982,0.095,-0.536,-0.092,-0.002,0.305,-0.394,0.401,-1.224,0.216,-1,0,1,1,0,1,0,0,1,0,0,1,0,1,0,1,0,0,1,0,1,0,0,0,0,0,0,1,0,0,0,0,0,1,0,0,0,0,0,1,0,0,0,1,0,0,0,1,0
-0.004,-0.49,-1.092,-1.064,0.189,0.133,-1.196,1.785,-0.071,-1.913,-0.448,-0.536,-0.092,0.182,-0.51,1.16,0.401,-1.224,0.216,-1,1,0,1,0,1,0,1,0,0,1,0,0,1,0,1,0,0,1,0,1,0,0,0,1,0,0,0,0,0,0,0,1,0,0,0,0,0,0,1,0,0,1,0,0,0,0,1,0
0.549,0.999,0.823,-0.673,-0.975,-0.513,-1.196,0.777,-0.527,-0.025,-1.504,-0.536,-0.092,0.182,0.034,1.16,-0.06495482458742056,-0.11038206871310077,0.216,1,1,0,1,0,1,0,1,0,0,1,0,0,1,0,1,0,0,0,1,1,0,0,0,1,0,0,0,0,0,0,0,0,0,1,0,0,0,0,1,0,0,1,0,0,0,0,0,1
1.655,0.875,0.823,-0.203,1.87,1.425,-0.648,-0.844,-0.527,0.083,-1.333,-0.536,-0.092,0.182,0.034,1.16,-1.724,-0.605,0.216,1,1,0,1,0,1,0,1,0,0,1,0,0,1,0,1,0,0,1,0,0,1,0,0,0,1,0,0,0,0,0,0,1,0,0,0,0,0,0,0,1,0,1,0,0,0,0,0,1
0.549,0.875,1.312,-1.455,2.775,0.133,0.449,-0.844,-0.223,-0.025,1.694,0.682,-0.092,0.548,-1.325,1.16,-1.724,-0.605,0.216,1,1,0,1,0,1,0,1,0,0,1,0,0,1,0,1,0,0,0,1,0,1,0,0,0,1,0,0,0,0,0,0,1,0,0,0,0,0,0,0,1,0,1,0,0,0,0,0,1
-0.557,0.627,0.348,0.892,0.189,-0.013058403106618054,1.545,2.121,-1.288,-2.057,-0.876,-0.536,-0.092,1.098,-1.053,1.16,-1.724,-0.605,0.216,-1,1,0,1,0,1,0,1,0,0,1,0,0,1,0,1,0,0,1,0,0,0,1,0,0,0,0,0,1,0,0,0,1,0,0,0,0,0,0,0,1,0,1,0,0,0,0,0,1
-1.663,0.627,2.262,0.501,-1.104,0.008467827646448715,3.189,2.34,-1.288,-1.841,-1.647,-0.536,-0.092,1.098,-0.238,1.16,0.401,-1.244,0.216,-1,1,0,1,0,1,0,1,0,0,1,0,0,1,0,1,0,0,1,0,0,0,1,0,0,0,0,0,1,0,0,0,0,0,1,0,0,0,0,0,1,0,1,0,0,0,0,1,0
-0.833,0.627,0.348,-1.064,0.447,-0.513,-0.319,-0.844,-0.375,0.568,0.752,0.276,-0.092,0.182,-1.325,1.16,-1.724,-0.605,0.216,-1,1,0,1,0,1,0,1,0,0,1,0,0,1,0,0,1,0,1,0,0,1,0,0,0,1,0,0,0,0,0,0,0,1,0,0,0,0,0,0,1,0,1,0,0,0,0,0,1
0.549,0.627,0.823,-0.595,-0.587,0.133,0.33674413811395343,0.251,-1.288,-0.331,0.038,-0.536,9.536,-0.002,-0.51,1.16,0.401,-1.244,0.216,-1,1,0,1,0,1,0,1,0,0,1,0,0,1,0,0,1,0,1,0,0,0,0,1,0,0,0,0,0,1,0,0,0,0,0,1,0,0,0,0,1,0,1,0,0,0,0,1,0
1.378,0.627,3.226,-1.221,-0.716,0.133,0.5666136924096525,-0.202,-1.288,-0.528,1.237,-0.536,-0.092,-0.735,-1.325,1.16,0.401,-1.244,0.216,-1,1,0,1,0,1,0,1,0,0,1,0,0,1,0,0,1,0,1,0,0,0,0,1,0,0,0,0,0,1,0,0,0,0,0,0,1,0,0,0,1,0,1,0,0,0,0,1,0
-0.004,0.503,-1.092,-1.064,-0.716,0.133,-0.099,-0.844,0.842,0.982,0.095,-0.536,-0.092,0.182,-0.51,-0.394,0.401,-1.244,0.216,1,0,1,1,0,1,0,0,1,0,0,1,0,1,0,1,0,0,1,0,1,0,0,0,0,0,0,1,0,0,0,0,1,0,0,0,0,0,0,1,0,0,0,1,0,0,0,1,0
-1.663,0.627,-1.092,-0.516,1.094,0.779,-1.196,-0.844,0.994,0.568,0.752,4.337,-0.092,-1.651,-1.053,-1.06,0.401,-1.244,0.216,-1,0,1,1,0,1,0,0,1,0,0,1,0,1,0,1,0,0,1,0,1,0,0,0,0,0,0,0,0,0,1,0,0,1,0,0,0,0,0,1,0,0,0,1,0,0,0,1,0
-0.557,0.627,0.823,-0.047,0.965,0.456,0.12,-0.844,0.994,0.568,0.752,4.337,-0.092,-0.368,-0.51,-1.06,-1.724,-0.605,0.216,-1,0,1,1,0,1,0,0,1,0,0,1,0,1,0,1,0,0,1,0,1,0,0,0,0,0,0,0,0,0,1,0,1,0,0,0,0,0,0,1,0,0,0,1,0,0,0,0,1
1.102,0.627,1.787,-0.282,1.094,0.133,0.5406415766971394,-0.844,-1.744,1.234,-0.305,-0.536,-0.092,0.182,0.034,1.16,0.401,-1.244,0.216,-1,1,0,1,0,1,0,0,1,0,0,1,0,1,0,1,0,0,1,0,0,0,0,1,0,0,0,0,0,1,0,0,0,0,0,0,0,1,0,0,1,0,1,0,0,0,0,1,0
1.102,0.627,1.787,-0.282,1.87,0.133,0.5264276150528494,-0.844,-1.744,1.234,-0.305,-0.536,-0.092,0.182,0.034,1.16,0.401,-1.244,0.216,-1,1,0,1,0,1,0,0,1,0,0,1,0,1,0,1,0,0,1,0,0,0,0,1,0,0,0,0,0,1,0,0,0,1,0,0,0,0,0,0,1,0,1,0,0,0,0,1,0
1.655,0.627,0.348,0.501,1.094,-0.513,-0.538,0.689,-1.136,-0.924,0.123,0.682,-0.092,1.098,0.849,1.16,0.401,-1.853,0.216,1,1,0,1,0,1,0,1,0,0,1,0,0,1,0,0,1,0,0,1,0,1,0,0,0,0,1,0,0,0,0,0,1,0,0,0,0,0,0,0,1,0,1,0,0,0,0,1,0
1.655,0.254,0.348,2.066,3.163,-0.513,2.093,2.384,-0.68,-2.632,-0.476,-0.536,-0.092,1.098,-0.782,1.16,-1.724,0.433,0.216,-1,1,0,1,0,1,0,1,0,0,1,0,0,1,0,1,0,0,0,1,0,0,1,0,0,0,0,0,1,0,0,0,1,0,0,0,0,0,0,0,1,0,1,0,0,0,0,0,1
1.378,0.254,1.312,-0.673,-1.104,-0.513,2.97,2.106,-0.68,-2.452,-0.219,0.682,-0.092,1.098,0.034,1.16,-1.724,0.433,0.216,-1,1,0,1,0,1,0,1,0,0,1,0,0,1,0,1,0,0,0,1,0,0,1,0,0,0,0,0,1,0,0,0,0,0,1,0,0,0,0,0,1,0,1,0,0,0,0,0,1
1.931,1.247,0.348,-1.064,0.835,0.133,2.093,-0.333,-0.497,0.209,0.323,0.276,-0.092,1.098,0.034,-0.616,0.401,-1.853,0.216,-1,1,0,1,0,1,0,1,0,0,1,0,0,1,0,1,0,0,0,1,0,0,1,0,0,0,0,0,1,0,0,0,0,0,1,0,0,0,0,0,1,0,1,0,0,0,0,1,0
2.207,1.247,1.312,-0.438,0.189,-1.805,1.545,2.004,-0.497,-2.38,-0.134,-0.536,-0.092,1.098,0.034,-0.616,-1.724,0.433,0.216,-1,1,0,1,0,1,0,1,0,0,1,0,0,1,0,1,0,0,0,1,0,0,1,0,0,0,0,0,1,0,0,0,1,0,0,0,0,0,0,0,1,0,1,0,0,0,0,0,1
0.549,1.247,-0.127,-0.908,1.223,1.425,-0.209,-0.844,1.602,-0.546,2.522,0.4692831911343742,-0.092,0.182,0.305,-1.06,0.401,-1.853,0.216,-1,0,1,1,0,1,0,0,1,0,0,1,0,1,0,1,0,0,1,0,1,0,0,0,0,0,0,0,0,0,0,1,1,0,0,0,0,0,0,1,0,0,0,1,0,0,0,1,0
0.549,1.247,0.823,-1.846,-0.845,1.425,1.106,-0.844,1.602,0.568,0.752,0.25667088812093397,-0.092,-0.735,0.034,-1.06,-1.724,0.433,0.216,-1,0,1,1,0,1,0,0,1,0,0,1,0,1,0,1,0,0,1,0,1,0,0,0,0,0,0,0,0,0,0,1,0,0,0,0,0,1,0,1,0,0,0,1,0,0,0,0,1
-0.004,1.247,1.787,-1.064,-0.07,0.133,-1.196,2.895,0.842,-2.326,-1.961,-0.536,-0.092,0.182,-0.51,-1.06,-1.724,0.433,0.216,-1,0,1,1,0,1,0,0,1,0,0,1,0,1,0,1,0,0,0,1,1,0,0,0,1,0,0,0,0,0,0,0,1,0,0,0,0,0,0,1,0,0,0,1,0,0,0,0,1
0.549,1.247,0.823,-1.768,-1.104,0.133,-0.648,2.326,0.842,-2.506,-0.562,1.495,-0.092,0.182,-0.51,-1.06,-1.724,0.433,0.216,-1,0,1,1,0,1,0,0,1,0,0,1,0,1,0,1,0,0,1,0,1,0,0,0,1,0,0,0,0,0,0,0,0,0,1,0,0,0,0,1,0,0,0,1,0,0,0,0,1
-1.386,0.379,-0.127,0.11,-0.07,1.425,-0.648,-0.844,0.233,0.568,0.752,3.525,-0.092,0.182,-1.325,-1.06,-1.724,-1.943,0.216,-1,0,1,1,0,1,0,0,1,0,0,1,0,1,0,1,0,0,1,0,1,0,0,0,0,0,0,1,0,0,0,0,1,0,0,0,0,0,0,0,0,1,0,1,0,0,0,0,1
-1.386,0.379,3.226,0.11,-0.07,1.425,-0.648,-0.844,0.233,0.568,0.752,3.525,-0.092,-1.835,-0.51,-1.06,-1.724,0.033,0.216,-1,0,1,1,0,1,0,0,1,0,0,1,0,1,0,1,0,0,1,0,1,0,0,0,0,0,0,1,0,0,0,0,0,1,0,0,0,0,0,0,0,1,0,1,0,0,0,0,1
-0.557,0.379,-1.092,-0.282,-0.845,0.133,0.449,-0.844,2.058,0.515,0.837,-0.536,-0.092,-0.552,0.305,-1.06,0.401,-0.605,0.216,-1,0,1,1,0,1,0,0,1,0,0,1,0,1,0,1,0,0,1,0,1,0,0,0,0,0,0,1,0,0,0,0,0,1,0,0,0,0,0,1,0,0,0,1,0,0,0,1,0
-0.557,0.379,1.312,-0.282,-0.07,0.133,-1.196,-0.844,2.058,0.982,0.095,-0.536,-0.092,0.182,-0.782,-1.06,0.401,-0.605,0.216,-1,0,1,1,0,1,0,0,1,0,0,1,0,1,0,1,0,0,1,0,1,0,0,0,0,0,0,1,0,0,0,0,1,0,0,0,0,0,0,1,0,0,0,1,0,0,0,1,0
-0.004,0.379,-1.092,-0.282,0.189,0.456,-1.196,-0.844,0.537,0.568,0.752,-0.536,-0.092,-1.651,-1.053,-0.394,-1.724,1.611,0.216,-1,0,1,1,0,1,0,0,1,0,0,1,0,1,0,1,0,0,1,0,1,0,0,0,0,0,0,0,0,0,1,0,0,1,0,0,0,0,0,1,0,0,0,1,0,0,0,0,1
-0.2844981661501824,0.006,-1.567,0.501,-0.458,-1.159,-0.099,-0.844,-0.071,0.568,0.752,-0.536,-0.092,-0.552,0.034,-1.06,-1.724,-0.605,0.216,1,0,1,1,0,1,0,0,1,0,1,0,0,1,0,1,0,0,0,1,0,1,0,0,0,0,1,0,0,0,0,0,0,1,0,0,0,0,0,1,0,0,1,0,0,0,0,0,1
-0.557,0.379,1.787,-0.125,1.223,0.779,-0.031277477631346674,0.017,1.45,-1.104,1.723,2.713,-0.092,0.182,0.034,-0.394,-1.724,1.611,0.216,-1,0,1,1,0,1,0,0,1,0,0,1,0,1,0,1,0,0,1,0,1,0,0,0,0,0,0,0,0,0,0,1,1,0,0,0,0,0,0,1,0,0,1,0,0,0,0,0,1
-0.557,0.379,0.823,-0.516,1.482,0.779,0.2546606344377367,-0.844,1.45,-0.546,2.522,1.089,-0.092,1.098,0.305,-0.394,-1.724,1.611,0.216,-1,0,1,1,0,1,0,0,1,0,0,1,0,1,0,1,0,0,1,0,1,0,0,0,0,0,0,0,0,0,0,1,0,1,0,0,0,0,0,1,0,0,1,0,0,0,0,0,1
1.378,0.379,1.312,0.657,0.06,-1.159,-0.867,1.931,-0.984,-1.445,-1.476,1.495,-0.092,1.098,0.034,-0.616,-1.724,-1.943,0.216,-1,1,0,1,0,1,0,1,0,0,1,0,0,1,0,1,0,0,1,0,0,1,0,0,0,0,1,0,0,0,0,0,1,0,0,0,0,0,0,0,1,0,1,0,0,0,0,0,1
1.655,0.254,0.823,0.892,1.223,0.133,2.641,2.384,-0.832,-2.632,-0.476,-0.536,-0.092,1.098,-0.51,1.16,-1.724,0.413,0.216,-1,1,0,1,0,1,0,1,0,0,1,0,0,1,0,1,0,0,0,1,0,0,1,0,0,0,0,0,1,0,0,0,1,0,0,0,0,0,0,0,1,0,1,0,0,0,0,0,1
1.102,0.379,0.348,0.344,0.06,-1.159,-0.099,0.967,-0.984,-0.744,-0.705,-0.536,-0.092,1.098,-1.325,-0.616,-1.724,-1.943,0.216,-1,1,0,1,0,1,0,1,0,0,1,0,0,1,0,1,0,0,1,0,0,1,0,0,0,0,1,0,0,0,0,0,0,1,0,0,0,0,0,0,1,0,1,0,0,0,0,0,1
1.655,0.254,0.348,-0.516,-1.104,0.133,2.093,2.106,-0.832,-2.452,-0.219,0.682,-0.092,1.098,0.034,1.16,-1.724,1.611,0.216,-1,1,0,1,0,1,0,1,0,0,1,0,0,1,0,1,0,0,0,1,0,0,1,0,0,0,0,0,1,0,0,0,0,0,1,0,0,0,0,0,1,0,1,0,0,0,0,0,1
-0.004,0.254,0.348,-0.125,-0.07,1.425,-0.16576852832044894,1.098,0.994,-0.834,-0.819,0.276,-0.092,0.182,0.305,-1.06,-1.724,1.611,0.216,-1,0,1,1,0,1,0,0,1,0,0,1,0,1,0,1,0,0,1,0,0,1,0,0,0,0,1,0,0,0,0,0,1,0,0,0,0,0,0,1,0,0,0,1,0,0,0,0,1
-1.11,0.254,-0.127,-0.516,0.189,1.425,-0.008370123757543542,-0.041,0.994,-0.007,0.095,-0.536,-0.092,0.182,-1.597,-1.06,-1.724,1.611,0.216,-1,0,1,1,0,1,0,0,1,0,0,1,0,1,0,1,0,0,1,0,0,1,0,0,0,0,1,0,0,0,0,0,0,1,0,0,0,0,0,1,0,0,0,1,0,0,0,0,1
-1.11,0.503,3.226,-0.282,-1.104,-1.159,0.12,-0.844,0.385,0.568,0.752,-0.536,-0.092,0.182,0.849,-1.06,-1.724,-0.605,0.216,1,0,1,1,0,1,0,0,1,0,1,0,0,1,0,1,0,0,1,0,0,1,0,0,0,0,1,0,0,0,0,0,1,0,0,0,0,0,0,1,0,0,1,0,0,0,0,0,1
-1.11,0.503,-0.617,-0.282,-1.104,-1.159,0.449,-0.844,0.537,0.568,0.752,-0.536,-0.092,0.182,1.393,-1.06,-1.724,-0.605,0.216,1,0,1,1,0,1,0,0,1,0,0,1,0,1,0,1,0,0,0,1,0,1,0,0,0,0,1,0,0,0,0,0,1,0,0,0,0,0,0,1,0,0,1,0,0,0,0,0,1
-0.10915165055671132,0.379,0.823,1.283,1.999,-2.451,-0.538,-0.844,0.233,0.209,1.323,-0.536,-0.092,0.182,-0.238,-1.06,-1.724,-0.605,0.216,-1,0,1,1,0,1,0,0,1,0,1,0,0,1,0,1,0,0,0,1,0,1,0,0,0,0,1,0,0,0,0,0,0,1,0,0,0,0,0,1,0,0,1,0,0,0,0,0,1
-0.17000111928913117,0.379,-1.092,-1.064,0.189,-2.128,0.339,-0.348,0.233,0.209,0.352,-0.536,-0.092,0.182,0.849,-1.06,0.401,0.732,0.216,-1,0,1,1,0,1,0,0,1,0,1,0,0,1,0,1,0,0,0,1,0,1,0,0,0,0,1,0,0,0,0,0,1,0,0,0,0,0,0,1,0,0,1,0,0,0,0,1,0
-1.663,-0.118,-1.092,0.188,0.706,1.425,-0.183812304192405,-0.844,1.754,0.568,0.752,1.089,-0.092,0.182,-0.238,-0.394,-1.724,-1.244,0.216,-1,0,1,1,0,1,0,0,1,0,0,1,0,1,0,1,0,0,1,0,1,0,0,0,0,0,0,0,0,0,0,1,1,0,0,0,0,0,0,1,0,0,0,1,0,0,0,0,1
-1.663,-0.118,0.823,0.344,1.74,1.425,0.0399881655093157,-0.844,1.754,0.515,0.752,0.276,-0.092,1.098,1.121,-0.394,-1.724,-1.244,0.216,-1,0,1,1,0,1,0,0,1,0,0,1,0,1,0,1,0,0,1,0,1,0,0,0,0,0,0,0,0,0,0,1,0,1,0,0,0,0,0,1,0,0,0,1,0,0,0,0,1
-0.004,-0.118,-1.092,-0.673,-1.104,0.133,1.216,-0.07,-0.375,-0.546,1.009,-0.536,-0.092,1.098,-0.51,1.16,2.526,-0.605,0.216,-1,1,0,1,0,1,0,1,0,0,1,0,0,1,0,0,1,0,1,0,0,0,1,0,0,0,0,0,1,0,0,0,0,0,1,0,0,0,0,0,1,0,1,0,0,0,0,0,1
-0.557,-0.118,-0.127,-1.455,-0.458,0.133,1.545,-0.844,-0.375,0.568,0.752,-0.536,-0.092,1.098,-1.053,1.16,-1.724,-0.605,0.216,-1,1,0,1,0,1,0,1,0,0,1,0,0,1,0,0,1,0,1,0,0,0,1,0,0,0,0,0,1,0,0,0,1,0,0,0,0,0,0,0,0,1,1,0,0,0,0,0,1
0.549,-0.118,-1.092,0.657,-0.458,0.133,-0.648,-0.362,0.081,-0.133,0.923,0.276,-0.092,0.548,-0.238,1.16,-1.724,-0.605,0.216,-1,1,0,1,0,1,0,1,0,0,1,0,0,1,0,1,0,0,1,0,1,0,0,0,1,0,0,0,0,0,0,0,0,0,1,0,0,0,0,1,0,0,1,0,0,0,0,0,1
-0.004,0.379,0.823,-0.438,-1.104,0.133,2.093,1.055,-1.227,-0.241,-1.704,-0.536,-0.092,1.098,-0.238,-1.504,-1.724,0.772,0.216,-1,1,0,1,0,1,0,1,0,0,1,0,0,1,0,1,0,0,0,1,0,0,1,0,0,0,0,0,1,0,0,0,0,0,1,0,0,0,0,0,1,0,0,0,0,0,1,0,1
-0.004,0.379,-0.617,-0.829,-1.492,0.133,1.545,0.952,-1.227,-0.744,-0.705,-0.536,-0.092,1.098,-1.053,-1.504,-1.724,0.772,0.216,-1,1,0,1,0,1,0,1,0,0,1,0,0,1,0,1,0,0,0,1,0,0,1,0,0,0,0,0,1,0,0,0,1,0,0,0,0,0,0,0,1,0,0,0,0,0,1,0,1
-0.004,0.379,-0.127,-1.064,1.482,0.133,-0.099,-0.844,0.537,0.568,0.752,-0.536,-0.092,1.098,0.034,-0.394,0.401,0.053,0.216,-1,0,1,1,0,1,0,0,1,0,0,1,0,1,0,1,0,0,0,1,0,1,0,0,0,1,0,0,0,0,0,0,1,0,0,0,0,0,0,0,0,1,0,1,0,0,0,1,0
-1.663,0.379,-0.617,0.344,-1.363,0.133,-0.648,0.09,0.537,-0.438,0.523,1.089,-0.092,-0.185,-0.51,0.05,-1.724,0.772,0.216,-1,0,1,1,0,1,0,0,1,0,0,1,0,1,0,1,0,0,0,1,1,0,0,0,1,0,0,0,0,0,0,0,0,0,1,0,0,0,0,1,0,0,1,0,0,0,0,0,1
-1.663,0.379,3.226,-1.377,-1.104,0.456,-0.099,-0.844,0.537,0.568,0.752,-0.536,-0.092,-0.185,-0.238,-1.06,-1.724,-0.605,0.216,-1,0,1,1,0,1,0,0,1,0,0,1,0,1,0,1,0,0,1,0,1,0,0,0,0,0,0,0,0,0,1,0,0,1,0,0,0,0,0,1,0,0,1,0,0,0,0,0,1
-1.663,0.379,0.823,1.127,-0.975,0.133,-0.648,1.785,0.537,-1.913,-0.476,-0.536,-0.092,0.182,-0.238,0.05,-1.724,0.772,0.216,-1,0,1,1,0,1,0,0,1,0,0,1,0,1,0,1,0,0,1,0,1,0,0,0,1,0,0,0,0,0,0,0,1,0,0,0,0,0,0,1,0,0,1,0,0,0,0,0,1
-1.663,0.379,-1.567,-0.595,-1.104,0.456,-0.099,-0.844,0.537,0.568,0.752,-0.536,-0.092,-1.651,-1.053,-1.06,-1.724,0.772,0.216,-1,0,1,1,0,1,0,0,1,0,0,1,0,1,0,1,0,0,1,0,1,0,0,0,0,0,0,0,0,0,1,0,1,0,0,0,0,0,0,1,0,0,1,0,0,0,0,0,1
-0.004,0.379,-1.567,2.066,1.482,-1.159,-0.538,0.368,0.157,-0.636,0.295,-0.536,-0.092,1.098,0.034,-0.394,-1.724,0.772,0.216,-1,0,1,1,0,1,0,0,1,0,0,1,0,1,0,1,0,0,1,0,0,1,0,0,0,0,1,0,0,0,0,0,0,1,0,0,0,0,0,0,0,1,0,1,0,0,0,0,1
-0.004,0.379,1.312,-0.282,2.775,0.133,0.229,-0.508,0.537,0.209,0.666,-0.536,-0.092,0.64,-0.238,-0.394,-1.724,0.772,0.216,-1,0,1,1,0,1,0,0,1,0,0,1,0,1,0,1,0,0,1,0,0,1,0,0,0,1,0,0,0,0,0,0,0,1,0,0,0,0,0,0,0,1,0,1,0,0,0,0,1
-0.004,0.627,0.348,0.11,-0.07,0.133,-0.02504606949902479,0.777,-1.44,-0.025,-1.504,-0.536,-0.092,-0.368,-0.238,-1.504,-1.724,-0.605,0.216,-1,1,0,1,0,1,0,1,0,0,1,0,0,1,0,1,0,0,1,0,0,0,0,1,0,0,0,0,0,1,0,0,0,0,0,0,1,0,0,0,1,0,1,0,0,0,0,0,1
-0.004,0.627,-0.617,0.501,-1.88,0.133,0.06275969534208217,0.777,-1.44,-0.025,-1.504,-0.536,-0.092,0.182,-1.325,-1.504,0.401,0.053,0.216,-1,1,0,1,0,1,0,1,0,0,1,0,0,1,0,1,0,0,1,0,0,0,0,1,0,0,0,0,0,1,0,0,0,0,0,1,0,0,0,0,1,0,1,0,0,0,0,1,0
-0.004,0.627,0.823,-0.36,0.835,1.425,-0.099,1.683,-0.68,-1.356,-1.133,-0.536,-0.092,0.731,0.034,1.16,-1.724,-0.605,0.216,-1,1,0,1,0,1,0,1,0,0,1,0,0,1,0,1,0,0,0,1,1,0,0,0,0,0,0,0,0,0,0,1,1,0,0,0,0,0,0,1,0,0,1,0,0,0,0,0,1
-1.663,0.627,1.312,-0.516,0.577,1.425,-0.099,0.733,-0.68,-0.331,-0.876,-0.536,14.35,0.365,0.577,1.16,-1.724,-0.605,0.216,-1,1,0,1,0,1,0,1,0,0,1,0,0,1,0,1,0,0,0,1,1,0,0,0,0,0,0,0,0,0,0,1,0,0,0,0,0,1,0,1,0,0,0,1,0,0,0,0,1
1.378,0.751,1.312,-0.047,0.706,1.425,-0.099,1.931,1.754,-1.445,-1.504,-0.536,-0.092,1.098,0.034,-0.394,0.401,-1.853,0.216,-1,0,1,1,0,1,0,0,1,0,0,1,0,1,0,1,0,0,1,0,1,0,0,0,0,0,0,0,0,0,0,1,1,0,0,0,0,0,0,1,0,0,0,1,0,0,0,0,1
1.378,0.751,0.12990287850987997,-0.908,-0.07,1.425,-0.099,0.689,1.754,-0.546,-0.505,-0.536,-0.092,0.182,0.034,-0.394,0.401,-1.853,0.216,-1,0,1,1,0,1,0,0,1,0,0,1,0,1,0,1,0,0,1,0,1,0,0,0,0,0,0,0,0,0,0,1,0,0,0,0,0,1,0,1,0,0,0,1,0,0,0,0,1
0.272,-0.242,1.312,-0.282,0.706,0.133,-0.319,-0.523,-0.68,-0.241,1.409,-0.536,-0.092,1.098,-0.238,-0.172,-3.849,1.012,0.216,1,1,0,1,0,1,0,1,0,0,1,0,0,1,0,0,1,0,1,0,0,1,0,0,0,1,0,0,0,0,0,0,0,0,0,0,1,0,0,0,0,1,1,0,0,0,0,1,0
1.378,0.006,0.823,-0.125,-1.104,-0.513,-0.648,0.777,0.081,-0.924,-0.048,0.682,-0.092,0.182,-0.51,-0.172,-3.849,-0.605,0.216,-1,1,0,1,0,1,0,1,0,0,1,0,0,1,0,1,0,0,0,1,1,0,0,0,1,0,0,0,0,0,0,0,0,0,1,0,0,0,0,1,0,0,1,0,0,0,0,1,0
1.378,0.006,-0.127,0.188,0.318,0.133,-0.648,0.587,0.081,-1.194,0.752,-0.536,-0.092,0.548,-1.053,-0.172,-3.849,-0.605,0.216,-1,1,0,1,0,1,0,1,0,0,1,0,0,1,0,1,0,0,0,1,1,0,0,0,1,0,0,0,0,0,0,0,1,0,0,0,0,0,0,1,0,0,1,0,0,0,0,1,0
-0.557,0.503,3.701,0.031,0.189,0.456,-0.099,0.646,1.754,-0.834,0.066,-0.536,-0.092,-1.285,-0.782,-1.06,2.526,-1.853,0.216,-1,0,1,1,0,1,0,1,0,0,0,1,0,1,0,1,0,0,1,0,1,0,0,0,0,0,0,0,0,0,1,0,1,0,0,0,0,0,0,1,0,0,1,0,0,0,0,0,1
-0.004,0.503,0.348,0.579,0.447,0.133,-0.099,-0.844,1.754,0.568,0.752,-0.536,-0.092,-0.735,-0.51,-1.06,2.526,-1.853,0.216,-1,0,1,1,0,1,0,1,0,0,0,1,0,1,0,1,0,0,1,0,1,0,0,0,0,0,0,0,0,0,1,0,0,1,0,0,0,0,0,1,0,0,1,0,0,0,0,0,1
-0.557,0.379,0.348,-0.282,-1.104,0.021141386401030554,0.6650921938617523,0.616,-2.160884237260534,-1.014,0.409,-0.536,-0.092,0.182,-0.51,5.598,-3.849,-0.605,0.216,-1,1,0,1,0,1,0,1,0,0,1,0,0,1,0,1,0,0,1,0,0,0,0,1,0,0,0,0,0,1,0,0,0,0,0,0,1,0,0,0,1,0,1,0,0,0,0,1,0
-0.28,0.379,0.348,-0.282,-1.104,0.00808283203267262,0.4744224576181442,1.113,-0.984,-1.356,-0.019,0.276,-0.092,0.182,0.034,5.598,2.526,-1.853,0.216,-1,1,0,1,0,1,0,1,0,0,1,0,0,1,0,1,0,0,1,0,0,0,0,1,0,0,0,0,0,1,0,0,0,0,0,1,0,0,0,0,1,0,1,0,0,0,0,0,1
0.825,0.503,0.823,-1.064,-1.104,-0.513,2.641,0.31,-0.68,0.335,-1.179,1.089,-0.092,1.098,-0.51,1.16,2.526,-1.853,0.216,-1,1,0,1,0,1,0,1,0,0,1,0,0,1,0,1,0,0,0,1,0,0,1,0,0,0,0,0,1,0,0,0,0,0,1,0,0,0,0,0,1,0,0,1,0,0,0,0,1
0.825,0.503,2.262,-1.064,0.189,-0.02838431961533426,2.641,0.602,-0.68,-1.104,0.58,-0.536,-0.092,1.098,-1.325,1.16,2.526,-1.853,0.216,-1,1,0,1,0,1,0,1,0,0,1,0,0,1,0,1,0,0,1,0,0,0,1,0,0,0,0,0,1,0,0,0,1,0,0,0,0,0,0,0,1,0,0,1,0,0,0,0,1
-1.11,2.612,1.312,-0.125,-0.845,1.425,0.558,-0.844,1.146,1.719,-1.076,-0.536,-0.092,0.182,0.034,-1.06,0.401,-1.883,-5.178,1,0,1,1,0,1,0,0,1,0,0,1,0,1,0,1,0,0,1,0,0,1,0,0,0,1,0,0,0,0,0,0,0,0,0,0,1,0,0,0,0,1,0,1,0,0,0,0,1
-1.11,0.627,-0.127,-0.282,-1.104,1.425,0.229,-0.844,1.602,1.719,-1.076,-0.536,-0.092,0.182,0.034,-1.06,0.401,-1.853,-5.178,1,0,1,1,0,1,0,0,1,0,0,1,0,1,0,1,0,0,0,1,0,1,0,0,0,1,0,0,0,0,0,0,0,0,0,0,1,0,0,0,0,1,0,1,0,0,0,0,1
-0.29876230112257995,-0.614,-0.29067040969505265,0.501,-0.845,-1.159,0.12,-0.844,-0.457,0.568,0.752,-0.536,-0.092,0.182,1.393,-1.06,0.18484184351836863,0.12958508541624328,-0.06911327134083523,1,0,1,1,0,1,0,0,1,0,0,1,0,1,0,1,0,0,0,1,0,1,0,0,0,0,1,0,0,0,0,0,1,0,0,0,0,0,0,1,0,0,0,1,0,0,0,0,1
-0.557,1.123,-1.092,0.11,-0.716,0.133,-0.319,-0.844,0.081,1.719,-1.076,-0.536,-0.092,0.731,0.034,-1.06,0.401,-0.605,-5.178,1,0,1,1,0,1,0,0,1,0,0,1,0,1,0,1,0,0,0,1,0,1,0,0,0,1,0,0,0,0,0,0,0,0,0,0,1,0,0,0,0,1,0,1,0,0,0,0,1
1.655,-0.118,-0.617,-0.673,-1.104,0.133,1.545,1.434,-0.527,-1.769,-0.019,0.276,-0.092,0.182,0.034,1.16,0.401,-0.605,0.216,-1,1,0,1,0,1,0,1,0,0,1,0,0,1,0,1,0,0,0,1,0,0,1,0,0,0,0,0,1,0,0,0,0,0,1,0,0,0,0,0,1,0,1,0,0,0,0,1,0
1.655,-0.118,-0.127,-0.36,1.223,-1.805,0.12,0.66,-0.375,-0.744,-0.134,1.495,-0.092,1.098,0.849,1.16,0.401,0.053,0.216,-1,1,0,1,0,1,0,1,0,0,1,0,0,1,0,1,0,0,0,1,0,1,0,0,0,0,1,0,0,0,0,0,1,0,0,0,0,0,0,0,1,0,1,0,0,0,0,0,1
1.655,-0.118,0.348,-0.673,-2.397,0.133,0.997,1.931,-0.527,-1.445,-1.504,-0.536,-0.092,0.182,0.034,1.16,0.401,0.053,0.216,-1,1,0,1,0,1,0,1,0,0,1,0,0,1,0,1,0,0,0,1,0,0,1,0,0,0,0,0,1,0,0,0,1,0,0,0,0,0,0,0,1,0,1,0,0,0,0,0,1
2.207,-0.118,-0.127,-0.282,0.965,-2.451,-0.319,0.689,-0.375,-0.546,-0.505,0.276,-0.092,0.182,-1.053,1.16,0.401,0.053,0.216,-1,1,0,1,0,0,1,1,0,0,1,0,0,1,0,1,0,0,0,1,0,1,0,0,0,0,1,0,0,0,0,0,0,1,0,0,0,0,0,0,1,0,1,0,0,0,0,0,1
1.102,-0.49,1.312,-1.846,-1.104,0.007064337187994742,0.29318772978469004,1.215,-0.68,-0.924,-0.933,-0.536,-0.092,0.182,-1.325,1.16,-1.724,0.642,0.216,-1,1,0,1,0,1,0,1,0,0,1,0,0,1,0,1,0,0,1,0,0,0,0,1,0,0,0,0,0,1,0,0,0,0,0,1,0,0,0,0,1,0,1,0,0,0,0,1,0
2.207,-0.49,1.312,-2.629,-1.363,-0.014616041725714167,0.6868018217384178,-0.844,-0.68,0.568,0.752,-0.536,-0.092,0.731,-0.51,1.16,-1.724,0.642,0.216,-1,1,0,1,0,1,0,1,0,0,1,0,0,1,0,1,0,0,1,0,0,0,0,1,0,0,0,0,0,1,0,0,0,0,0,0,1,0,0,0,1,0,1,0,0,0,0,1,0
1.102,-0.49,-0.617,0.11,-0.587,-0.013382582651213618,0.2607809606226427,-0.844,-0.68,1.234,-0.305,-0.536,-0.092,0.182,0.034,1.16,-1.724,0.642,0.216,-1,1,0,1,0,1,0,0,1,0,0,1,0,1,0,1,0,0,1,0,0,0,0,1,0,0,0,0,0,1,0,0,0,0,0,0,0,1,0,0,1,0,1,0,0,0,0,1,0
1.102,-0.49,-1.092,-1.064,-0.975,-0.01920320379462536,0.3126137097402715,-0.844,-0.68,1.234,-0.305,-0.536,-0.092,0.182,-0.782,1.16,0.401,-2.542,0.216,-1,1,0,1,0,1,0,0,1,0,0,1,0,1,0,1,0,0,1,0,0,0,0,1,0,0,0,0,0,1,0,0,0,1,0,0,0,0,0,0,1,0,1,0,0,0,0,0,1
2.207,1.123,-0.127,-0.673,0.189,-2.451,0.777,1.464,0.233,-1.104,-1.133,-0.536,-0.092,0.915,-0.782,1.16,0.401,0.053,0.216,-1,1,0,1,0,1,0,1,0,0,1,0,0,1,0,1,0,0,1,0,0,1,0,0,0,0,1,0,0,0,0,0,0,1,0,0,0,0,0,0,1,0,1,0,0,0,0,0,1
1.655,1.123,-0.127,-1.064,-0.328,-1.805,-0.099,0.66,0.233,-0.744,-0.134,1.495,-0.092,0.365,0.305,1.16,0.401,0.053,0.216,-1,1,0,1,0,1,0,1,0,0,1,0,0,1,0,1,0,0,1,0,0,1,0,0,0,0,1,0,0,0,0,0,1,0,0,0,0,0,0,0,1,0,1,0,0,0,0,0,1
-0.557,-0.242,-0.127,-1.064,0.447,-0.513,-0.099,-0.844,0.994,1.719,-1.076,-0.13,-0.092,0.182,-0.238,-1.06,0.401,-1.853,-5.178,1,0,1,1,0,1,0,0,1,0,0,1,0,1,0,1,0,0,0,1,0,1,0,0,0,1,0,0,0,0,0,0,0,0,0,0,1,0,0,0,0,1,0,1,0,0,0,0,1
1.102,-0.118,-2.056,-1.064,0.189,-0.513,0.12,0.324,0.537,0.784,-1.876,-0.536,-0.092,0.182,-0.238,0.05,0.401,-1.893,-5.178,1,0,1,1,0,1,0,1,0,0,0,1,0,1,0,1,0,0,0,1,0,1,0,0,0,1,0,0,0,0,0,0,0,0,0,0,1,0,0,1,0,0,1,0,0,0,0,0,1
1.102,-0.366,1.312,-0.673,-0.328,-1.159,-0.099,0.324,0.537,0.784,-1.876,-0.536,-0.092,0.182,0.034,0.05,0.401,-1.893,-5.178,1,0,1,1,0,1,0,1,0,0,0,1,0,1,0,1,0,0,1,0,0,1,0,0,0,1,0,0,0,0,0,0,0,0,0,0,1,0,0,1,0,0,1,0,0,0,0,0,1
1.102,-0.118,-0.127,1.283,1.352,1.425,-0.976,0.675,-0.527,-0.636,-0.305,-0.231,-0.092,0.182,0.305,-0.172,0.401,-1.893,-5.178,1,1,0,1,0,1,0,1,0,0,1,0,0,1,0,1,0,0,0,1,1,0,0,0,1,0,0,0,0,0,0,0,0,0,1,0,0,0,0,1,0,0,1,0,0,0,0,0,1
1.102,-0.118,-1.092,1.283,-0.07,-2.451,0.12,0.573,0.233,-0.618,-0.134,-0.536,-0.092,1.098,-0.238,0.05,0.401,-1.21,-5.178,1,0,1,1,0,1,0,1,0,0,1,0,0,1,0,1,0,0,1,0,0,1,0,0,0,0,1,0,0,0,0,0,1,0,0,0,0,0,0,1,0,0,0,0,0,0,1,1,0
-0.28,-0.366,-1.092,0.501,-1.104,0.456,0.449,-0.844,0.689,1.989,-1.504,0.276,-0.092,-1.285,0.034,-1.06,0.401,-1.893,-5.178,-1,0,1,0,1,1,0,0,1,0,0,1,0,1,0,1,0,0,1,0,1,0,0,0,0,0,0,0,0,0,1,0,1,0,0,0,0,0,0,1,0,0,0,1,0,0,0,0,1
-0.28,-0.366,-1.092,-0.282,-0.328,0.779,-0.099,-0.319,0.689,0.82,-0.676,-0.536,-0.092,0.182,0.034,-1.06,0.401,-1.893,-5.178,-1,0,1,0,1,1,0,0,1,0,0,1,0,1,0,1,0,0,0,1,1,0,0,0,0,0,0,0,0,0,1,0,0,1,0,0,0,0,0,1,0,0,0,1,0,0,0,0,1
-1.11,-0.366,-0.617,-0.673,-0.328,0.133,-1.196,-0.844,1.222,1.234,-0.305,1.089,-0.092,0.548,0.577,-0.394,0.401,0.642,-5.178,-1,0,1,1,0,1,0,0,1,0,0,1,0,1,0,1,0,0,0,1,1,0,0,0,0,0,0,1,0,0,0,0,0,1,0,0,0,0,0,1,0,0,0,0,0,0,1,1,0
-1.11,-0.366,0.348,-0.673,-0.587,0.133,-1.196,-0.844,1.222,1.234,-0.305,1.089,-0.092,-0.735,0.577,-0.394,0.401,0.642,-5.178,-1,0,1,1,0,1,0,0,1,0,0,1,0,1,0,1,0,0,0,1,1,0,0,0,0,0,0,1,0,0,0,0,1,0,0,0,0,0,0,1,0,0,0,0,0,0,1,1,0
-1.663,-0.366,-0.617,-0.282,1.223,0.133,0.449,0.28,0.7934501303449776,0.371,-1.133,-0.536,-0.092,0.731,-0.51,-1.06,0.401,-0.605,-5.178,-1,0,1,1,0,1,0,0,1,0,0,1,0,1,0,1,0,0,1,0,0,1,0,0,0,1,0,0,0,0,0,0,0,1,0,0,0,0,0,0,0,1,0,1,0,0,0,0,1
0.272,-0.242,2.262,-0.673,1.223,-0.513,-0.648,4.195,0.537,-2.183,-4.732,-0.536,-0.092,0.182,-0.782,1.16,0.401,-1.21,-5.178,-1,1,0,1,0,1,0,1,0,0,1,0,0,1,0,1,0,0,0,1,1,0,0,0,1,0,0,0,0,0,0,0,1,0,0,0,0,0,0,1,0,0,1,0,0,0,0,1,0
1.655,-0.366,1.312,-1.064,-0.328,1.425,0.31318733599310317,-0.026,-0.68,-0.007,0.066,-0.536,-0.092,0.182,-0.782,1.16,0.401,-1.21,-5.178,-1,1,0,1,0,1,0,1,0,0,1,0,0,1,0,1,0,0,1,0,0,0,0,1,0,0,0,0,0,1,0,0,0,0,0,0,1,0,0,0,1,0,1,0,0,0,0,1,0
1.655,-0.366,1.787,0.501,-0.845,1.425,0.01958178984073685,1.376,-0.68,-1.985,0.466,-0.536,9.536,-0.552,-0.782,1.16,0.401,-1.21,-5.178,-1,1,0,1,0,1,0,1,0,0,1,0,0,1,0,1,0,0,1,0,0,0,0,1,0,0,0,0,0,1,0,0,0,0,0,1,0,0,0,0,1,0,1,0,0,0,0,1,0
0.272,0.13,0.348,-0.125,-0.328,0.133,-0.099,1.712,-0.375,-1.248,-1.362,-0.536,-0.092,0.182,-0.51,0.05,0.401,2.249,0.216,1,0,1,1,0,1,0,1,0,0,1,0,0,1,0,1,0,0,0,1,0,1,0,0,0,0,1,0,0,0,0,0,0,1,0,0,0,0,0,1,0,0,1,0,0,0,0,1,0
-0.28,0.13,0.823,1.127,0.189,-0.513,0.997,-0.844,-0.375,-0.241,2.037,0.682,-0.092,1.098,0.034,-0.172,0.401,0.872,0.216,-1,1,0,1,0,1,0,1,0,0,1,0,0,1,0,1,0,0,1,0,0,0,1,0,0,0,0,0,1,0,0,0,0,0,1,0,0,0,0,0,1,0,1,0,0,0,0,1,0
0.272,0.254,0.348,-0.282,-0.845,0.133,-0.648,2.369,-0.984,-1.751,-1.847,-0.536,-0.092,0.182,-0.51,0.05,0.401,2.249,0.216,1,0,1,1,0,1,0,1,0,0,1,0,0,1,0,1,0,0,1,0,0,1,0,0,0,1,0,0,0,0,0,0,0,1,0,0,0,0,0,1,0,0,0,0,0,0,1,1,0
0.272,0.875,0.823,-1.064,0.835,0.133,-0.319,1.566,-0.071,-1.284,-1.019,-0.536,-0.092,0.182,-1.325,0.05,0.401,2.249,0.216,1,0,1,1,0,1,0,1,0,0,1,0,0,1,0,1,0,0,1,0,0,1,0,0,0,1,0,0,0,0,0,0,1,0,0,0,0,0,0,1,0,0,0,0,0,0,1,1,0
1.102,-0.366,-0.617,2.066,-0.328,-2.451,-0.757,0.616,-0.68,0.784,-2.447,-0.536,-0.092,1.098,-0.238,0.05,0.401,-1.893,-5.178,1,0,1,1,0,1,0,1,0,0,1,0,0,1,0,1,0,0,1,0,0,1,0,0,0,0,1,0,0,0,0,0,1,0,0,0,0,0,0,1,0,0,0,0,0,0,1,0,1
-1.663,0.13,0.823,0.892,0.189,-0.513,0.997,-0.844,-0.071,0.443,0.952,-0.13,-0.092,0.182,-1.597,0.05,0.401,0.872,0.216,1,0,1,1,0,1,0,0,1,0,0,1,0,1,0,1,0,0,1,0,1,0,0,0,1,0,0,0,0,0,0,0,0,0,1,0,0,0,0,1,0,0,0,1,0,0,0,1,0
-0.28,0.13,-0.617,2.066,-1.104,-0.513,1.545,-0.844,-0.375,0.568,0.752,-0.536,-0.092,1.098,-0.782,-0.172,0.401,0.018,0.216,-1,1,0,1,0,1,0,1,0,0,1,0,0,1,0,1,0,0,0,1,0,0,1,0,0,0,0,0,1,0,0,0,1,0,0,0,0,0,0,0,1,0,1,0,0,0,0,0,1
0.272,0.379,0.348,-1.064,-1.75,-0.513,-0.648,1.507,-0.984,-1.985,0.209,1.089,-0.092,0.182,0.034,-0.172,0.401,2.247,0.216,1,1,0,1,0,1,0,1,0,0,1,0,0,1,0,1,0,0,1,0,1,0,0,0,1,0,0,0,0,0,0,0,0,0,1,0,0,0,0,1,0,0,1,0,0,0,0,1,0
1.655,-0.614,0.823,-0.025210816014694753,0.189,-0.513,2.093,0.967,-1.315,-0.744,-0.705,0.276,-0.092,0.548,0.034,0.827,0.401,2.247,0.216,-1,1,0,1,0,1,0,1,0,0,1,0,0,1,0,0,1,0,1,0,0,0,1,0,0,0,0,0,1,0,0,0,0,0,1,0,0,0,0,0,1,0,0,0,0,0,1,1,0
1.655,-0.614,0.823,-0.12608760554729043,-1.104,-0.513,2.093,1.931,-1.315,-1.445,-1.504,-0.536,-0.092,0.548,-0.782,0.827,0.401,2.247,0.216,-1,1,0,1,0,1,0,1,0,0,1,0,0,1,0,0,1,0,1,0,0,0,1,0,0,0,0,0,1,0,0,0,1,0,0,0,0,0,0,0,1,0,0,0,0,0,1,1,0
-1.11,-0.118,0.348,-1.064,-0.587,-2.451,-0.319,-0.844,2.058,0.568,0.752,-0.536,-0.092,0.182,-0.782,-1.06,0.401,2.247,0.216,-1,0,1,1,0,1,0,0,1,0,1,0,0,1,0,1,0,0,1,0,0,1,0,0,0,0,1,0,0,0,0,0,0,1,0,0,0,0,0,0,0,1,1,0,0,0,0,1,0
-0.557,-0.118,0.348,-1.846,-0.587,-2.451,-0.648,-0.844,2.058,0.568,0.752,0.276,-0.092,0.182,-1.325,-1.06,0.401,2.247,0.216,-1,0,1,1,0,1,0,0,1,0,1,0,0,1,0,1,0,0,1,0,0,1,0,0,0,0,1,0,0,0,0,0,1,0,0,0,0,0,0,0,0,1,1,0,0,0,0,1,0
-1.663,0.254,0.823,-1.064,0.835,0.133,-0.099,1.347,1.42,-1.014,-1.019,-0.536,-0.092,-0.735,1.393,-0.394,0.401,1.531,0.216,-1,0,1,1,0,1,0,0,1,0,0,1,0,1,0,1,0,0,0,1,1,0,0,0,0,0,0,1,0,0,0,0,1,0,0,0,0,0,0,1,0,0,0,1,0,0,0,1,0
-1.663,0.254,0.348,-0.282,0.189,0.133,-0.099,1.347,1.42,-1.014,-1.019,-0.536,-0.092,0.182,0.034,-0.394,0.401,1.531,0.216,-1,0,1,1,0,1,0,0,1,0,0,1,0,1,0,1,0,0,0,1,1,0,0,0,0,0,0,1,0,0,0,0,0,1,0,0,0,0,0,1,0,0,0,1,0,0,0,1,0
-1.663,0.379,0.823,0.736,0.189,0.456,-0.099,-0.844,0.842,0.784,0.409,0.682,-0.092,0.182,0.577,-1.06,0.401,2.247,0.216,-1,0,1,0,1,1,0,0,1,0,0,1,0,1,0,1,0,0,1,0,1,0,0,0,0,0,0,0,0,0,1,0,1,0,0,0,0,0,0,1,0,0,0,1,0,0,0,1,0
-1.663,0.379,0.07478356279399026,-0.36,-0.845,2.717,-0.099,-0.319,0.842,0.82,-0.705,0.073,-0.092,0.182,0.577,-1.06,0.401,2.247,0.216,-1,0,1,0,1,1,0,0,1,0,0,1,0,1,0,1,0,0,1,0,1,0,0,0,0,0,0,0,0,0,1,0,0,1,0,0,0,0,0,1,0,0,0,1,0,0,0,1,0
-1.11,-0.986,1.312,-1.846,-0.458,0.133,0.08791891054801235,-0.844,0.537,1.234,-0.305,-0.536,-0.092,0.182,0.305,-1.06,0.401,-0.605,0.216,1,0,1,1,0,1,0,0,1,0,0,1,0,1,0,1,0,0,1,0,0,1,0,0,0,0,1,0,0,0,0,0,0,1,0,0,0,0,0,1,0,0,1,0,0,0,0,0,1
0.825,-0.986,-0.127,-0.282,-0.975,0.133,-0.319,0.237,-0.984,-0.438,0.238,-0.536,-0.092,0.182,0.034,-0.172,0.401,-0.945,0.216,1,1,0,1,0,1,0,1,0,0,1,0,0,1,0,1,0,0,1,0,1,0,0,0,1,0,0,0,0,0,0,0,0,0,1,0,0,0,0,1,0,0,1,0,0,0,0,0,1
2.207,-0.986,-1.092,0.501,-0.07,0.133,-0.099,0.909,0.842,-1.679,0.895,-0.536,-0.092,-0.735,0.034,1.16,0.401,-0.605,0.216,1,1,0,1,0,1,0,1,0,0,1,0,0,1,0,1,0,0,0,1,1,0,0,0,0,0,0,0,0,0,0,1,1,0,0,0,0,0,0,1,0,0,1,0,0,0,0,0,1
2.207,-1.111,-0.617,1.675,2.775,2.071,-0.648,1.712,1.298,-1.284,-1.305,-0.536,-0.092,0.182,0.034,1.16,0.401,-0.605,0.216,-1,1,0,1,0,1,0,1,0,0,1,0,0,1,0,1,0,0,0,1,1,0,0,0,0,0,0,0,0,0,0,1,0,1,0,0,0,0,0,1,0,0,1,0,0,0,0,0,1
2.207,-1.111,-1.092,1.283,0.189,1.425,-0.976,1.347,1.298,-1.014,-1.019,-0.13,-0.092,0.182,0.034,1.16,0.401,-0.605,0.216,-1,1,0,1,0,1,0,1,0,0,1,0,0,1,0,1,0,0,0,1,1,0,0,0,0,0,0,0,0,0,0,1,1,0,0,0,0,0,0,1,0,0,1,0,0,0,0,0,1
-0.833,-0.986,-1.092,0.501,-0.328,1.102,-0.0519171425229159,-0.844,1.085,1.234,-0.305,0.276,-0.092,0.915,0.577,-0.394,0.401,-1.25,0.216,1,0,1,1,0,1,0,0,1,0,0,1,0,1,0,1,0,0,1,0,0,1,0,0,0,1,0,0,0,0,0,0,0,1,0,0,0,0,0,1,0,0,0,1,0,0,0,0,1
-0.48806577396021067,-1.111,-0.2938529549308412,0.579,-0.716,-0.513,-0.099,-0.844,0.537,1.126,-0.134,-0.536,-0.092,0.731,0.034,-1.06,0.2651526861955952,0.03803135983369033,-0.42595070093589715,1,0,1,1,0,1,0,0,1,0,0,1,0,1,0,1,0,0,1,0,0,1,0,0,0,1,0,0,0,0,0,0,1,0,0,0,0,0,0,1,0,0,0,1,0,0,0,0,1
-1.11,-0.986,1.312,-1.846,-0.458,0.133,0.08791891054801235,-0.844,0.537,1.234,-0.305,-0.536,-0.092,0.182,0.305,-1.06,0.401,-0.605,0.216,1,0,1,1,0,1,0,0,1,0,0,1,0,1,0,1,0,0,1,0,0,1,0,0,0,0,1,0,0,0,0,0,0,1,0,0,0,0,0,1,0,0,1,0,0,0,0,0,1
-1.11,-1.111,0.348,0.423,-0.07,-1.805,0.12,-0.844,0.994,1.234,-0.305,-0.536,-0.092,-1.285,-0.238,-1.06,0.401,-0.272,0.216,1,0,1,1,0,1,0,0,1,0,0,1,0,1,0,1,0,0,1,0,0,1,0,0,0,0,1,0,0,0,0,0,0,1,0,0,0,0,0,1,0,0,1,0,0,0,0,0,1
-0.557,-0.986,-0.617,0.11,0.835,0.133,-0.648,-0.158,0.537,0.443,-0.391,-0.536,-0.092,0.182,0.034,-0.394,0.401,-1.25,0.216,1,0,1,1,0,1,0,0,1,0,0,1,0,1,0,1,0,0,0,1,0,1,0,0,0,1,0,0,0,0,0,0,1,0,0,0,0,0,0,1,0,0,0,1,0,0,0,0,1
-0.557,-0.986,-0.127,1.44,-0.07,1.102,-0.12948465153786062,-0.698,1.085,0.479,0.609,0.276,-0.092,-0.002,-0.51,-0.394,0.401,-1.25,0.216,1,0,1,1,0,1,0,0,1,0,0,1,0,1,0,1,0,0,1,0,0,1,0,0,0,1,0,0,0,0,0,0,1,0,0,0,0,0,0,1,0,0,0,1,0,0,0,0,1
0.549,-0.986,-0.127,1.283,-0.845,-0.513,-0.099,1.245,-0.68,-1.445,-0.134,-0.536,-0.092,0.182,0.034,-0.172,0.401,-1.25,0.216,1,1,0,1,0,1,0,1,0,0,1,0,0,1,0,1,0,0,1,0,1,0,0,0,1,0,0,0,0,0,0,0,0,0,1,0,0,0,0,1,0,0,1,0,0,0,0,0,1
0.549,-1.111,-1.092,1.283,-0.716,-1.482,-1.196,1.858,-0.071,-1.679,-0.99,0.276,-0.092,0.182,0.034,-0.172,0.401,-0.605,0.216,1,1,0,1,0,1,0,1,0,0,1,0,0,1,0,1,0,0,0,1,1,0,0,0,1,0,0,0,0,0,0,0,0,0,1,0,0,0,0,1,0,0,1,0,0,0,0,1,0
-0.557,-0.986,-1.092,-1.455,-0.328,0.133,2.312,-0.202,-0.296,-0.115,0.58,-0.536,-0.092,1.098,0.034,1.16,0.401,-1.25,0.216,-1,1,0,1,0,1,0,1,0,0,1,0,0,1,0,1,0,0,1,0,0,0,1,0,0,0,0,0,1,0,0,0,1,0,0,0,0,0,0,0,1,0,0,1,0,0,0,0,1
-0.557,-0.986,-0.127,0.814,0.06,-2.128,0.449,-0.771,1.754,0.694,0.409,-0.333,-0.092,0.365,0.305,0.05,0.401,-1.25,0.216,-1,0,1,1,0,1,0,1,0,0,0,1,0,1,0,1,0,0,1,0,0,1,0,0,0,0,1,0,0,0,0,0,0,1,0,0,0,0,0,1,0,0,1,0,0,0,0,0,1
-0.557,0.006,-0.617,-0.282,-1.104,-2.451,-0.757,-0.771,-5.547,0.694,0.409,-0.536,-0.092,1.098,0.034,0.05,0.401,-0.605,0.216,1,0,1,1,0,1,0,1,0,0,0,1,0,1,0,1,0,0,0,1,0,1,0,0,0,0,1,0,0,0,0,0,0,1,0,0,0,0,0,1,0,0,1,0,0,0,0,0,1
-1.386,-0.986,-1.092,-1.846,0.189,0.133,-0.319,-0.844,-0.984,1.234,-0.305,-0.536,-0.092,-4.401,-2.684,-1.06,0.401,-0.605,0.216,1,0,1,1,0,1,0,0,1,0,0,1,0,1,0,1,0,0,0,1,0,1,0,0,0,1,0,0,0,0,0,0,0,0,0,0,1,0,0,1,0,0,0,1,0,0,0,0,1
-0.557,-0.986,-0.617,0.188,0.318,-1.159,0.339,-0.844,1.754,1.234,-0.305,1.495,-0.092,-0.2067926704636411,-0.238,0.05,0.401,-1.25,0.216,-1,0,1,1,0,1,0,1,0,0,0,1,0,1,0,1,0,0,1,0,0,1,0,0,0,0,1,0,0,0,0,0,1,0,0,0,0,0,0,1,0,0,1,0,0,0,0,0,1
-0.833,-0.986,-1.092,0.344,0.189,-1.159,0.12,-0.844,1.754,1.234,-0.305,1.495,-0.092,0.182,-0.238,0.05,0.401,-1.25,0.216,-1,0,1,1,0,1,0,1,0,0,0,1,0,1,0,1,0,0,1,0,0,1,0,0,0,0,1,0,0,0,0,0,0,0,1,0,0,0,0,1,0,0,1,0,0,0,0,0,1
-0.004,-1.111,-0.127,-0.36,-0.458,1.425,-0.648,0.689,-0.497,-0.546,-0.476,-0.536,-0.092,0.182,0.034,-1.06,0.401,-0.272,0.216,-1,0,1,1,0,1,0,0,1,0,0,1,0,1,0,1,0,0,1,0,1,0,0,0,0,0,0,1,0,0,0,0,1,0,0,0,0,0,0,0,0,1,0,1,0,0,0,0,1
-0.004,-1.111,-1.092,-1.064,0.189,-0.017294914347664263,-1.196,0.266,0.4988117185318165,-0.241,-0.134,-0.536,-0.092,-0.5265958793114641,-0.16382026235378794,-1.06,0.401,-0.272,0.216,-1,0,1,1,0,1,0,0,1,0,0,1,0,1,0,1,0,0,1,0,1,0,0,0,0,0,0,1,0,0,0,0,0,1,0,0,0,0,0,0,0,1,0,1,0,0,0,0,1
-0.004,-0.986,-1.092,0.501,0.189,0.133,-0.099,-0.392,1.146,-0.834,2.094,-0.536,-0.092,0.182,0.849,0.05,0.401,0.059,0.216,-1,0,1,1,0,1,0,1,0,0,0,1,0,1,0,1,0,0,0,1,1,0,0,0,0,0,0,0,0,0,0,1,1,0,0,0,0,0,0,1,0,0,1,0,0,0,0,0,1
0.549,-0.986,-1.092,0.11,-0.845,0.133,-0.099,-0.099,1.146,-0.906,1.637,-0.536,-0.092,0.182,0.849,0.05,0.401,-1.25,0.216,-1,0,1,1,0,1,0,1,0,0,0,1,0,1,0,1,0,0,0,1,1,0,0,0,0,0,0,0,0,0,0,1,0,1,0,0,0,0,0,1,0,0,1,0,0,0,0,0,1
-0.557,-0.738,-0.617,-1.377,1.482,0.133,1.545,-0.844,-1.331,1.234,-0.305,-0.536,-0.092,1.098,-0.782,1.16,0.401,-1.25,0.216,1,1,0,1,0,1,0,1,0,0,1,0,0,1,0,1,0,0,0,1,0,0,1,0,0,0,0,0,1,0,0,0,0,0,1,0,0,0,0,0,1,0,1,0,0,0,0,0,1
-0.557,-1.111,-1.092,-0.282,-1.75,0.133,2.641,-0.844,-0.527,1.234,-0.305,-0.536,-0.092,0.182,0.034,1.16,0.401,-1.25,0.216,1,1,0,1,0,1,0,1,0,0,1,0,0,1,0,1,0,0,0,1,0,0,1,0,0,0,0,0,1,0,0,0,0,0,1,0,0,0,0,0,1,0,1,0,0,0,0,0,1
0.549,-0.986,-0.127,-1.064,-0.587,-0.513,-1.196,-0.523,-0.071,0.101,0.866,-0.536,-0.092,1.098,0.034,0.716,0.401,-1.229,0.216,1,1,0,1,0,1,0,1,0,0,1,0,0,1,0,1,0,0,0,1,1,0,0,0,1,0,0,0,0,0,0,0,0,0,1,0,0,0,0,1,0,0,1,0,0,0,0,0,1
0.549,-0.49,-1.092,0.657,-0.587,0.133,-0.319,0.733,0.537,-0.403,-0.79,-0.536,-0.092,0.182,0.849,-1.06,0.401,-0.605,0.216,1,0,1,1,0,1,0,0,1,0,0,1,0,1,0,1,0,0,1,0,0,1,0,0,0,1,0,0,0,0,0,0,0,1,0,0,0,0,0,1,0,0,0,1,0,0,0,0,1
0.549,-0.49,-0.127,0.501,1.74,0.133,0.449,-0.844,-0.071,2.223,-1.876,-0.13,-0.092,0.365,0.577,-1.06,0.401,-0.605,0.216,1,0,1,1,0,1,0,0,1,0,0,1,0,1,0,1,0,0,1,0,0,1,0,0,0,1,0,0,0,0,0,0,1,0,0,0,0,0,0,1,0,0,0,1,0,0,0,0,1
-1.386,-0.49,-0.127,0.579,1.223,-2.128,-0.319,-0.844,1.112,1.234,-0.305,-0.536,-0.092,-0.002,-0.51,-1.06,0.401,-0.605,0.216,-1,0,1,0,1,1,0,0,1,0,0,1,0,1,0,1,0,0,1,0,0,1,0,0,0,0,1,0,0,0,0,0,0,0,0,0,1,0,0,0,0,1,0,1,0,0,0,0,1
-1.386,-0.49,-1.092,3.631,0.06,-2.128,-0.209,-0.844,1.112,0.443,0.952,1.495,-0.092,0.182,0.713,-1.06,0.401,-0.605,0.216,-1,0,1,0,1,1,0,0,1,0,0,1,0,1,0,1,0,0,1,0,0,1,0,0,0,0,1,0,0,0,0,0,1,0,0,0,0,0,0,0,0,1,0,1,0,0,0,0,1
2.76,-0.986,0.348,2.144,-0.07,-1.159,-0.319,1.259,0.918,-1.356,-0.305,1.495,-0.092,1.098,-0.238,-0.394,0.401,-0.605,0.216,-1,0,1,1,0,1,0,1,0,0,0,1,0,1,0,1,0,0,1,0,0,1,0,0,0,0,1,0,0,0,0,0,1,0,0,0,0,0,0,1,0,0,1,0,0,0,0,0,1
2.76,-0.986,-0.617,0.501,-0.199,0.481,-0.319,1.478,0.918,-1.643,-0.276,0.682,-0.092,-1.193,-1.053,-0.394,0.401,-0.605,0.216,-1,0,1,1,0,1,0,1,0,0,0,1,0,1,0,1,0,0,1,0,0,1,0,0,0,0,1,0,0,0,0,0,0,1,0,0,0,0,0,1,0,0,1,0,0,0,0,0,1
-0.557,-0.49,-1.092,0.916,-0.07,0.456,-0.757,-0.844,1.112,0.568,0.752,-0.536,-0.092,-0.735,-0.51,-1.06,0.401,-0.605,0.216,-1,0,1,0,1,1,0,0,1,0,0,1,0,1,0,1,0,0,1,0,0,1,0,0,0,0,1,0,0,0,0,0,0,1,0,0,0,0,0,0,0,1,0,1,0,0,0,0,1
-1.386,-0.738,-0.617,-1.064,1.999,-0.513,-0.648,-0.844,-0.071,1.989,-1.504,-0.536,-0.092,-0.552,0.034,-1.06,0.401,-0.605,0.216,1,0,1,1,0,1,0,0,1,0,0,1,0,1,0,1,0,0,1,0,0,1,0,0,0,1,0,0,0,0,0,0,1,0,0,0,0,0,0,1,0,0,0,1,0,0,0,0,1
-0.557,-0.49,-0.127,-0.282,1.223,-1.159,0.339,-0.844,-0.375,1.234,-0.305,-0.536,-0.092,-4.401,-2.684,-1.06,0.401,-0.605,0.216,1,0,1,0,1,1,0,0,1,0,0,1,0,1,0,1,0,0,0,1,0,1,0,0,0,1,0,0,0,0,0,0,0,0,0,0,1,0,0,0,0,1,0,1,0,0,0,1,0
-0.557,-0.614,0.348,-0.282,-1.104,0.133,2.093,-0.844,-0.071,-0.313,2.151,-0.536,-0.092,0.182,0.034,1.16,0.401,-0.605,0.216,1,1,0,1,0,1,0,1,0,0,1,0,0,1,0,1,0,0,1,0,0,0,1,0,0,0,0,0,1,0,0,0,1,0,0,0,0,0,0,0,1,0,1,0,0,0,0,1,0
-0.557,-0.118,-0.617,-1.064,-1.104,0.133,1.545,-0.844,-0.071,0.82,0.352,-0.536,-0.092,0.182,0.034,1.16,0.401,-0.605,0.216,1,1,0,1,0,1,0,1,0,0,1,0,0,1,0,1,0,0,0,1,0,0,1,0,0,0,0,0,1,0,0,0,0,0,1,0,0,0,0,0,1,0,1,0,0,0,0,1,0
-0.004,-1.235,-1.092,-0.282,-0.07,0.133,-1.196,1.288,-0.071,-1.284,-0.476,-0.536,-0.092,0.182,0.034,-0.172,0.401,-0.605,0.216,-1,1,0,1,0,1,0,1,0,0,1,0,0,1,0,1,0,0,0,1,1,0,0,0,1,0,0,0,0,0,0,0,1,0,0,0,0,0,0,1,0,0,1,0,0,0,0,1,0
-0.004,-1.111,-1.092,-1.064,-0.458,1.425,-1.196,0.792,-0.071,-0.834,-0.219,2.713,-0.092,0.182,0.034,0.05,0.401,-0.605,0.216,-1,0,1,1,0,1,0,1,0,0,0,1,0,1,0,1,0,0,1,0,1,0,0,0,0,0,0,1,0,0,0,0,1,0,0,0,0,0,0,0,0,1,1,0,0,0,0,0,1
-0.004,-1.111,0.823,-1.064,-0.458,1.425,-1.196,-0.844,-0.071,0.586,0.723,2.713,-0.092,1.098,2.751,0.05,0.401,-0.605,0.216,-1,0,1,1,0,1,0,1,0,0,0,1,0,1,0,1,0,0,1,0,1,0,0,0,0,0,0,1,0,0,0,0,0,1,0,0,0,0,0,0,0,1,1,0,0,0,0,1,0
-0.004,-1.235,0.823,0.344,-0.07,1.425,0.997,-0.844,1.45,1.234,-0.305,1.089,-0.092,0.182,1.121,0.05,0.401,-0.605,0.216,-1,0,1,1,0,1,0,1,0,0,0,1,0,1,0,1,0,0,1,0,1,0,0,0,0,0,0,0,0,0,0,1,1,0,0,0,0,0,0,1,0,0,0,0,1,0,0,0,1
-0.004,-1.235,-1.092,-0.595,-0.587,1.425,0.12,2.223,1.45,-1.445,-2.047,1.089,-0.092,0.182,0.305,0.05,0.401,-1.25,0.216,-1,0,1,1,0,1,0,1,0,0,0,1,0,1,0,1,0,0,1,0,1,0,0,0,0,0,0,0,0,0,0,1,0,1,0,0,0,0,0,1,0,0,0,0,1,0,0,0,1
-0.004,-1.111,1.787,-0.438,-0.845,-0.513,-1.196,-0.844,-0.071,0.568,0.752,-0.536,-0.092,0.182,-0.238,-0.172,0.401,0.642,0.216,-1,1,0,1,0,1,0,1,0,0,1,0,0,1,0,1,0,0,1,0,1,0,0,0,1,0,0,0,0,0,0,0,0,0,1,0,0,0,0,1,0,0,1,0,0,0,0,0,1
0.549,-1.111,-0.127,0.501,1.223,0.133,0.229,0.836,-0.527,-0.636,-0.619,-0.536,-0.092,0.182,0.034,0.716,0.401,0.642,0.216,-1,1,0,1,0,1,0,1,0,0,1,0,0,1,0,1,0,0,1,0,0,1,0,0,0,1,0,0,0,0,0,0,0,1,0,0,0,0,0,1,0,0,0,0,0,0,1,0,1
0.549,-1.111,0.348,1.283,1.223,0.133,-0.099,-0.844,-0.68,1.234,-3.161,1.495,-0.092,0.365,0.034,0.716,0.401,0.642,0.216,1,1,0,1,0,1,0,1,0,0,1,0,0,1,0,1,0,0,0,1,0,1,0,0,0,1,0,0,0,0,0,0,1,0,0,0,0,0,0,1,0,0,0,0,0,0,1,0,1
0.549,-1.111,-0.617,-0.282,1.482,1.425,0.449,-0.844,-0.527,-0.025,1.694,-0.536,-0.092,0.182,0.034,0.716,0.401,-0.605,0.216,1,1,0,1,0,1,0,1,0,0,0,0,1,1,0,1,0,0,1,0,0,1,0,0,0,1,0,0,0,0,0,0,1,0,0,0,0,0,0,1,0,0,0,0,0,0,1,0,1
0.549,-1.111,1.312,0.11,-0.716,-0.513,-1.196,-0.319,-0.071,0.82,-0.676,-0.536,-0.092,0.182,-0.238,-0.172,0.401,0.642,0.216,-1,1,0,1,0,1,0,1,0,0,1,0,0,1,0,1,0,0,1,0,1,0,0,0,1,0,0,0,0,0,0,0,1,0,0,0,0,0,0,1,0,0,1,0,0,0,0,0,1
-0.004,-0.986,0.348,3.631,0.706,-0.513,0.229,0.3330076127538563,-1.896,-0.22965886821352505,-0.2635099571710147,-0.536,-0.092,0.182,-1.325,1.16,0.401,0.642,0.216,1,1,0,1,0,1,0,1,0,0,0,0,1,1,0,1,0,0,1,0,0,1,0,0,0,1,0,0,0,0,0,0,1,0,0,0,0,0,0,0,1,0,1,0,0,0,0,0,1
-0.004,-1.111,0.348,-0.282,-1.104,0.456,0.997,-0.844,-0.984,0.568,0.752,0.682,-0.092,-0.735,0.034,-1.06,0.401,-0.605,0.216,1,0,1,1,0,1,0,0,1,0,1,0,0,1,0,1,0,0,0,1,1,0,0,0,0,0,0,0,0,0,1,0,1,0,0,0,0,0,0,1,0,0,0,1,0,0,0,0,1
-0.557,-1.111,-1.092,-2.081,0.706,-1.159,0.12,-0.844,-0.223,1.234,-0.305,-0.536,-0.092,0.182,-0.238,1.16,0.401,-0.605,0.216,-1,1,0,1,0,1,0,1,0,0,1,0,0,1,0,1,0,0,1,0,0,1,0,0,0,0,1,0,0,0,0,0,0,1,0,0,0,0,0,0,0,1,1,0,0,0,0,0,1
-0.557,-1.111,0.823,0.11,-1.88,-0.513,-1.196,0.689,-0.832,-0.546,-0.476,-0.536,-0.092,-0.735,-1.053,1.16,0.401,0.642,0.216,-1,1,0,1,0,1,0,1,0,0,1,0,0,1,0,1,0,0,1,0,1,0,0,0,1,0,0,0,0,0,0,0,0,0,1,0,0,0,0,1,0,0,1,0,0,0,0,0,1
-0.557,-1.111,0.823,0.501,-0.07,-0.513,-1.196,-0.844,-0.832,1.234,-0.305,-0.536,-0.092,0.182,0.034,1.16,0.401,0.642,0.216,-1,1,0,1,0,1,0,1,0,0,1,0,0,1,0,1,0,0,1,0,1,0,0,0,1,0,0,0,0,0,0,0,1,0,0,0,0,0,0,1,0,0,1,0,0,0,0,0,1
-1.441,-1.111,-0.617,0.501,-1.104,-0.513,1.654,-0.844,-1.44,0.82,0.352,-0.536,-0.092,1.098,0.034,-0.172,0.401,-0.605,0.216,-1,0,1,1,0,1,0,1,0,0,0,1,0,1,0,1,0,0,0,1,0,0,1,0,0,0,0,0,1,0,0,0,1,0,0,0,0,0,0,0,1,0,1,0,0,0,0,0,1
-1.441,-1.111,-0.617,0.501,-1.104,-0.513,1.873,-0.844,-1.44,1.485,-0.705,-0.536,-0.092,1.098,0.034,-0.172,0.401,-0.605,0.216,-1,0,1,1,0,1,0,1,0,0,0,1,0,1,0,1,0,0,0,1,0,0,1,0,0,0,0,0,1,0,0,0,0,0,1,0,0,0,0,0,1,0,1,0,0,0,0,0,1
2.484,-0.118,-1.567,0.892,-0.716,0.779,-1.196,1.8,-0.071,-1.445,-1.219,-0.536,-0.092,0.182,-0.51,-0.172,0.401,1.533,0.216,1,1,0,1,0,1,0,1,0,0,1,0,0,1,0,1,0,0,1,0,1,0,0,0,1,0,0,0,0,0,0,0,0,0,1,0,0,0,0,1,0,0,1,0,0,0,0,0,1
-0.004,1.123,0.348,0.501,1.223,0.133,0.229,-0.844,-0.984,0.209,1.323,-0.536,-0.092,0.915,0.305,1.16,0.401,0.037,0.216,1,1,0,1,0,1,0,1,0,0,1,0,0,1,0,1,0,0,1,0,0,1,0,0,0,1,0,0,0,0,0,0,0,1,0,0,0,0,0,0,1,0,0,1,0,0,0,1,0
-0.336,-1.111,-0.127,-0.673,-0.07,1.425,-0.319,-0.844,-0.071,1.09,-0.076,-0.536,-0.092,0.182,2.751,1.16,0.401,-0.605,0.216,1,1,0,1,0,1,0,1,0,0,0,0,1,1,0,1,0,0,0,1,0,1,0,0,0,0,1,0,0,0,0,0,1,0,0,0,0,0,0,0,0,1,1,0,0,0,0,0,1
-0.004,-1.359,0.348,0.501,1.352,-0.513,-0.976,-0.844,-1.592,0.784,0.409,-0.13,-0.092,0.182,0.034,1.16,0.401,0.682,0.216,1,1,0,1,0,1,0,1,0,0,0,0,1,1,0,1,0,0,0,1,0,1,0,0,0,1,0,0,0,0,0,0,1,0,0,0,0,0,0,0,1,0,0,1,0,0,0,0,1
-0.004,-1.111,-0.127,-1.064,1.352,0.133,-0.538,-0.844,-1.136,0.568,0.752,-0.13,-0.092,0.182,0.034,1.16,0.401,0.037,0.216,1,1,0,1,0,1,0,1,0,0,0,0,1,1,0,1,0,0,0,1,0,1,0,0,0,1,0,0,0,0,0,0,1,0,0,0,0,0,0,0,1,0,0,1,0,0,0,0,1
-0.557,0.379,0.348,-0.438,1.094,-0.03774372459176667,-0.209,-0.844,-2.505,0.568,0.752,-0.536,-0.092,0.915,0.034,1.16,0.401,0.682,0.216,1,1,0,1,0,1,0,1,0,0,1,0,0,1,0,1,0,0,0,1,0,1,0,0,0,1,0,0,0,0,0,0,0,1,0,0,0,0,0,0,1,0,1,0,0,0,0,0,1
-0.004,-1.111,1.312,0.501,0.577,-0.513,-0.099,-0.844,0.385,0.568,0.752,-0.536,-0.092,0.182,0.034,1.16,0.401,0.682,0.216,1,1,0,1,0,1,0,1,0,0,1,0,0,1,0,1,0,0,0,1,0,1,0,0,0,1,0,0,0,0,0,0,0,1,0,0,0,0,0,0,1,0,0,1,0,0,0,0,1
-0.004,-1.235,-0.127,-1.612,-1.104,0.133,2.093,-0.844,-0.375,0.82,0.352,-0.536,-0.092,1.098,-0.51,0.716,0.401,2.958,0.216,-1,1,0,1,0,1,0,1,0,0,1,0,0,1,0,1,0,0,0,1,0,0,1,0,0,0,0,0,1,0,0,0,1,0,0,0,0,0,0,0,1,0,1,0,0,0,0,0,1
-0.004,-1.235,-0.127,-1.612,-1.104,0.133,2.093,-0.844,-0.375,1.485,-0.705,-0.536,-0.092,1.098,-0.782,0.716,0.401,2.958,0.216,-1,1,0,1,0,1,0,1,0,0,1,0,0,1,0,1,0,0,0,1,0,0,1,0,0,0,0,0,1,0,0,0,0,0,1,0,0,0,0,0,1,0,1,0,0,0,0,0,1
-1.11,-1.111,-1.092,0.11,0.189,1.425,-0.538,-0.844,-0.071,1.234,-0.305,0.682,-0.092,0.182,2.751,1.16,0.401,-0.605,0.216,-1,1,0,1,0,1,0,1,0,0,1,0,0,1,0,1,0,0,0,1,0,1,0,0,0,0,1,0,0,0,0,0,0,1,0,0,0,0,0,0,0,1,1,0,0,0,0,0,1
2.207,-0.118,-1.092,-0.203,-0.458,-0.513,-1.196,1.931,-0.071,-1.445,-1.476,-0.536,-0.092,0.548,-1.053,-0.172,0.401,1.533,0.216,-1,1,0,1,0,1,0,1,0,0,1,0,0,1,0,1,0,0,1,0,1,0,0,0,1,0,0,0,0,0,0,0,1,0,0,0,0,0,0,1,0,0,1,0,0,0,0,0,1
1.102,-1.359,0.348,-0.203,-1.233,-0.513,-1.196,2.004,-1.136,-2.057,-0.648,-0.536,-0.092,0.182,-0.238,-0.172,0.401,0.682,0.216,-1,1,0,1,0,1,0,1,0,0,1,0,0,1,0,1,0,0,1,0,1,0,0,0,1,0,0,0,0,0,0,0,0,0,1,0,0,0,0,1,0,0,1,0,0,0,0,0,1
1.876,0.13,2.262,-0.282,-0.07,0.133,-0.319,0.017,-1.288,0.568,-0.933,1.089,-0.092,0.182,-0.51,1.16,0.401,0.037,0.216,1,1,0,1,0,1,0,1,0,0,1,0,0,1,0,1,0,0,1,0,0,1,0,0,0,1,0,0,0,0,0,0,1,0,0,0,0,0,0,0,1,0,1,0,0,0,0,1,0
-0.833,-1.111,-1.092,0.501,-1.104,-1.805,-0.319,-0.844,1.754,0.568,0.752,0.682,-0.092,1.098,-0.51,-1.06,0.401,0.682,0.216,1,0,1,1,0,1,0,0,1,0,0,1,0,1,0,1,0,0,1,0,0,1,0,0,0,0,1,0,0,0,0,0,1,0,0,0,0,0,0,0,0,1,0,1,0,0,0,0,1
-0.557,0.379,-0.127,5.352,-0.199,-0.513,0.12,0.069,-2.505,0.11,-0.305,-0.536,-0.092,1.098,0.577,1.16,0.401,0.682,0.216,1,1,0,1,0,1,0,1,0,0,1,0,0,1,0,1,0,0,1,0,0,1,0,0,0,1,0,0,0,0,0,0,1,0,0,0,0,0,0,0,1,0,1,0,0,0,0,0,1
-0.833,-1.359,-1.092,-1.064,0.189,-2.451,-0.757,-0.844,1.754,0.568,0.752,0.276,-0.092,0.182,-0.51,-1.06,0.401,0.682,0.216,-1,0,1,1,0,1,0,0,1,0,0,1,0,1,0,1,0,0,1,0,0,1,0,0,0,0,1,0,0,0,0,0,0,1,0,0,0,0,0,0,0,1,0,1,0,0,0,0,1
-0.833,-0.118,-0.051057757646158865,0.11,2.128,-0.513,-0.538,-0.844,1.602,1.234,-0.305,-0.13,-0.092,0.365,-1.053,-1.06,0.401,0.682,0.216,-1,0,1,1,0,1,0,0,1,0,0,1,0,1,0,1,0,0,1,0,0,1,0,0,0,0,1,0,0,0,0,0,1,0,0,0,0,0,0,0,0,1,0,1,0,0,0,0,1
-0.833,-1.235,-0.11091162599760393,-0.282,0.189,-1.159,-0.099,-0.844,1.748,0.568,0.752,3.119,-0.092,0.182,-0.782,-1.06,0.401,0.682,0.216,-1,0,1,1,0,1,0,0,1,0,0,1,0,1,0,1,0,0,1,0,0,1,0,0,0,0,1,0,0,0,0,0,1,0,0,0,0,0,0,0,0,1,0,1,0,0,0,0,1
0.549,-1.359,0.348,-0.282,-0.845,0.133,-0.099,-0.844,1.246,0.568,0.752,2.713,-0.092,-1.651,0.034,-0.394,0.401,0.682,0.216,-1,0,1,1,0,1,0,0,1,0,0,1,0,1,0,1,0,0,1,0,1,0,0,0,0,0,0,1,0,0,0,0,0,1,0,0,0,0,0,1,0,0,0,1,0,0,0,0,1
0.549,-1.359,-0.617,-0.282,1.223,0.133,-0.099,-0.844,1.246,0.568,0.752,2.713,-0.092,1.098,0.034,-0.394,0.401,0.682,0.216,-1,0,1,1,0,1,0,0,1,0,0,1,0,1,0,1,0,0,1,0,1,0,0,0,0,0,0,1,0,0,0,0,1,0,0,0,0,0,0,1,0,0,0,1,0,0,0,0,1
-0.004,-1.235,-1.092,0.579,-0.587,1.425,-0.099,-0.844,-0.071,1.234,-0.305,-0.13,-0.092,0.182,0.577,-1.06,0.401,0.682,0.216,-1,0,1,1,0,1,0,0,1,0,0,1,0,1,0,1,0,0,1,0,1,0,0,0,0,0,0,0,0,0,0,1,1,0,0,0,0,0,0,1,0,0,0,1,0,0,0,0,1
0.549,-1.235,-1.092,0.266,0.189,1.425,1.325,-0.844,-0.071,1.234,-0.305,-0.13,-0.092,0.182,1.393,-1.06,0.401,0.682,0.216,-1,0,1,1,0,1,0,0,1,0,0,1,0,1,0,1,0,0,1,0,1,0,0,0,0,0,0,0,0,0,0,1,0,1,0,0,0,0,0,1,0,0,0,1,0,0,0,0,1
-1.663,-1.235,0.823,0.11,-0.587,0.456,-0.099,-0.479,0.233,0.425,0.266,1.292,-0.092,-0.918,0.849,-1.06,0.401,2.245,0.216,-1,0,1,1,0,1,0,0,1,0,0,1,0,1,0,1,0,0,1,0,1,0,0,0,0,0,0,0,0,0,1,0,1,0,0,0,0,0,0,1,0,0,0,1,0,0,0,0,1
-0.557,-1.235,-0.127,0.11,-0.328,0.133,-0.319,-0.319,-0.223,0.82,-0.705,1.089,-0.092,1.098,0.034,1.16,0.401,2.958,0.216,-1,1,0,1,0,1,0,1,0,0,1,0,0,1,0,1,0,0,1,0,0,1,0,0,0,1,0,0,0,0,0,0,1,0,0,0,0,0,0,0,1,0,1,0,0,0,0,0,1
0.77,0.13,-0.127,0.501,-0.07,0.133,-0.099,1.215,-1.744,-0.924,4.236,-0.536,-0.092,1.098,-0.238,-0.172,0.401,0.037,0.216,1,1,0,1,0,1,0,1,0,0,1,0,0,1,0,1,0,0,1,0,1,0,0,0,1,0,0,0,0,0,0,0,1,0,0,0,0,0,0,1,0,0,1,0,0,0,0,1,0
-0.004,1.371,-0.617,-0.282,-0.328,0.133,2.093,-0.844,-0.984,0.568,0.752,-0.536,-0.092,1.098,0.577,0.716,0.401,0.038,0.216,1,1,0,1,0,1,0,1,0,0,1,0,0,1,0,1,0,0,0,1,0,0,1,0,0,0,0,0,1,0,0,0,0,0,1,0,0,0,0,0,1,0,1,0,0,0,0,1,0
-0.557,0.875,-1.092,1.283,-0.458,-3.453,-0.099,-0.844,0.233,0.568,0.752,-0.536,-0.092,0.365,1.121,-1.06,0.401,0.038,0.216,1,0,1,1,0,1,0,0,1,0,0,1,0,1,0,1,0,0,0,1,1,0,0,0,0,0,0,0,0,0,1,0,1,0,0,0,0,0,0,1,0,0,1,0,0,0,0,0,1
1.655,1.123,-0.617,-0.282,0.189,0.133,2.75,1.245,-1.349,-1.445,-0.134,-0.536,-0.092,1.098,0.034,0.716,0.401,0.672,0.216,-1,1,0,1,0,1,0,1,0,0,1,0,0,1,0,1,0,0,1,0,0,0,1,0,0,0,0,0,1,0,0,0,0,0,1,0,0,0,0,0,1,0,1,0,0,0,0,0,1
0.272,1.743,-1.092,-1.064,0.189,-1.159,-0.428,0.836,-0.299,-0.636,-0.619,0.682,-0.092,1.098,-0.238,-0.172,0.401,0.018,0.216,-1,0,1,1,0,1,0,1,0,0,0,1,0,1,0,1,0,0,1,0,0,1,0,0,0,0,1,0,0,0,0,0,0,1,0,0,0,0,0,0,1,0,1,0,0,0,0,1,0
-0.557,0.875,-1.092,0.11,0.706,-1.805,-0.648,0.47,0.537,-0.51,-0.105,1.495,-0.092,1.098,0.305,0.05,0.401,0.018,0.216,-1,0,1,1,0,1,0,1,0,0,0,1,0,1,0,1,0,0,0,1,0,1,0,0,0,0,1,0,0,0,0,0,1,0,0,0,0,0,0,1,0,0,1,0,0,0,0,0,1
-0.557,0.875,-0.127,-0.282,0.189,-2.774,0.13893738125375138,-0.377,0.537,-0.331,1.266,-0.536,-0.092,0.182,0.034,0.05,0.401,0.018,0.216,-1,0,1,1,0,1,0,1,0,0,0,1,0,1,0,1,0,0,1,0,0,1,0,0,0,0,1,0,0,0,0,0,0,1,0,0,0,0,0,1,0,0,1,0,0,0,0,0,1
0.272,1.743,-1.092,0.266,1.094,-2.451,0.21640175716792542,-0.026,-0.299,-0.007,0.095,0.682,-0.092,1.098,-0.374,-0.172,0.401,0.018,0.216,-1,0,1,1,0,1,0,1,0,0,0,1,0,1,0,1,0,0,1,0,0,1,0,0,0,0,1,0,0,0,0,0,1,0,0,0,0,0,0,0,1,0,1,0,0,0,0,1,0
-0.557,1.371,-1.092,-1.299,1.611,-1.805,0.12,-0.026,1.45,-0.007,0.095,0.276,-0.092,0.182,0.034,-0.394,0.401,-0.605,0.216,-1,0,1,1,0,1,0,0,1,0,0,1,0,1,0,1,0,0,1,0,0,1,0,0,0,0,1,0,0,0,0,0,0,1,0,0,0,0,0,0,0,1,1,0,0,0,0,0,1
-0.557,1.371,-1.092,-0.36,0.189,-1.159,-0.319,-0.348,1.459,0.209,0.352,0.276,-0.092,0.182,-1.053,-0.394,0.401,-0.605,0.216,-1,0,1,1,0,1,0,0,1,0,0,1,0,1,0,1,0,0,1,0,0,1,0,0,0,0,1,0,0,0,0,0,1,0,0,0,0,0,0,0,0,1,1,0,0,0,0,0,1
-0.004,0.875,-1.092,-0.282,-0.458,-0.513,-1.196,0.689,0.842,-0.546,-0.505,-0.536,-0.092,0.182,-0.782,-0.394,0.401,0.018,0.216,-1,0,1,1,0,1,0,0,1,0,0,1,0,1,0,1,0,0,1,0,1,0,0,0,1,0,0,0,0,0,0,0,1,0,0,0,0,0,0,1,0,0,1,0,0,0,0,1,0
-0.004,0.875,-1.092,-0.282,-0.845,-0.513,-0.648,0.689,0.842,-0.546,-0.505,1.495,-0.092,0.182,-0.51,-0.394,0.401,0.018,0.216,-1,0,1,1,0,1,0,0,1,0,0,1,0,1,0,1,0,0,1,0,1,0,0,0,1,0,0,0,0,0,0,0,0,0,1,0,0,0,0,1,0,0,1,0,0,0,0,1,0
-0.336,0.875,-0.617,0.501,-0.07,-1.159,-0.648,-0.844,-0.071,0.568,0.752,1.495,-0.092,0.182,0.034,-0.172,0.401,0.018,0.216,-1,1,0,1,0,1,0,1,0,0,1,0,0,1,0,1,0,0,1,0,1,0,0,0,1,0,0,0,0,0,0,0,0,0,1,0,0,0,0,1,0,0,1,0,0,0,0,0,1
-1.939,-1.235,-0.127,1.737,0.189,0.133,2.093,-0.348,-1.014,0.209,0.352,-0.536,-0.092,1.098,0.034,0.05,0.401,0.018,0.216,-1,0,1,1,0,1,0,1,0,0,0,1,0,1,0,1,0,0,1,0,0,0,1,0,0,0,0,0,1,0,0,0,1,0,0,0,0,0,0,0,1,0,1,0,0,0,0,0,1
-1.11,-1.235,-0.127,1.017,-0.07,0.133,2.093,0.266,-1.014,-0.241,-0.162,-0.536,-0.092,1.098,0.034,0.05,0.401,0.732,0.216,-1,0,1,1,0,1,0,1,0,0,0,1,0,1,0,1,0,0,1,0,0,0,1,0,0,0,0,0,1,0,0,0,0,0,1,0,0,0,0,0,1,0,1,0,0,0,0,1,0
1.655,1.123,-1.092,-0.282,0.189,0.133,2.093,0.675,-1.349,-1.517,1.123,-0.536,-0.092,1.098,0.034,0.716,0.401,0.692,0.216,-1,1,0,1,0,1,0,1,0,0,1,0,0,1,0,1,0,0,1,0,0,0,1,0,0,0,0,0,1,0,0,0,1,0,0,0,0,0,0,0,1,0,1,0,0,0,0,0,1
-0.557,1.123,-1.092,-0.282,0.189,-0.513,2.093,-0.844,-1.288,0.568,0.752,-0.536,-0.092,1.098,-1.053,-0.172,0.401,0.013,0.216,-1,0,1,1,0,1,0,1,0,0,0,1,0,1,0,1,0,0,1,0,0,0,1,0,0,0,0,0,1,0,0,0,1,0,0,0,0,0,0,0,1,0,1,0,0,0,0,0,1
0.22668073402909047,1.123,-1.092,-0.282,0.189,-0.513,2.093,0.12,-1.288,-0.133,-0.019,1.901,-0.092,1.098,0.305,-0.172,0.401,0.013,0.216,-1,0,1,1,0,1,0,1,0,0,0,1,0,1,0,1,0,0,1,0,0,0,1,0,0,0,0,0,1,0,0,0,0,0,1,0,0,0,0,0,1,0,1,0,0,0,0,0,1
-0.004,0.875,-1.092,1.283,-0.845,0.133,0.39727487920585525,-0.377,-1.075,-0.331,1.266,-0.536,-0.092,1.098,0.034,-0.172,0.401,-0.605,0.216,-1,1,0,1,0,1,0,1,0,0,1,0,0,1,0,1,0,0,1,0,0,0,1,0,0,0,0,0,1,0,0,0,1,0,0,0,0,0,0,0,0,1,1,0,0,0,0,0,1
-0.557,1.123,-1.092,-0.673,0.835,1.425,0.449,-0.844,-1.744,0.568,0.752,0.479,-0.092,-1.651,0.034,-1.06,0.401,-0.605,0.216,1,0,1,1,0,1,0,0,1,0,0,1,0,1,0,1,0,0,1,0,0,1,0,0,0,1,0,0,0,0,0,0,0,1,0,0,0,0,0,0,1,0,1,0,0,0,0,0,1
-0.557,2.24,-1.092,-0.673,-0.328,-0.513,-0.976,-0.844,-1.744,0.568,0.752,-0.13,-0.092,0.182,0.034,0.05,0.401,-0.605,0.216,1,0,1,1,0,1,0,1,0,0,0,1,0,1,0,1,0,0,1,0,0,1,0,0,0,1,0,0,0,0,0,0,1,0,0,0,0,0,0,0,1,0,1,0,0,0,0,0,1
-0.004,1.247,-1.092,-1.064,2.516,0.133,-0.099,-0.844,-0.68,0.568,0.752,0.276,-0.092,-0.002,-0.238,-1.06,0.401,-0.605,0.216,1,0,1,1,0,1,0,0,1,0,0,1,0,1,0,1,0,0,0,1,0,1,0,0,0,1,0,0,0,0,0,0,1,0,0,0,0,0,0,0,1,0,1,0,0,0,0,0,1
1.102,1.247,0.103,4.413,-0.07,1.425,-0.319,-0.844,-0.984,0.568,0.752,0.682,-0.092,0.182,-0.782,0.05,0.401,-0.605,0.216,1,0,1,1,0,1,0,1,0,0,0,1,0,1,0,1,0,0,0,1,0,1,0,0,0,0,1,0,0,0,0,0,0,1,0,0,0,0,0,0,1,0,1,0,0,0,0,0,1
-0.28,0.13,-1.092,0.501,0.447,0.133,-0.099,-0.844,0.994,0.568,0.752,-0.536,-0.092,0.182,0.034,-0.394,0.401,1.391,0.216,1,0,1,1,0,1,0,0,1,0,0,1,0,1,0,1,0,0,1,0,0,1,0,0,0,0,1,0,0,0,0,0,0,1,0,0,0,0,0,0,0,1,1,0,0,0,0,1,0
0.549,-0.49,-1.092,-0.282,0.189,-0.513,-0.319,-0.844,-0.223,0.604,0.695,-0.536,-0.092,-2.568,0.034,0.716,0.401,-2.225,0.216,1,1,0,1,0,1,0,1,0,0,0,0,1,1,0,1,0,0,0,1,0,1,0,0,0,0,1,0,0,0,0,0,1,0,0,0,0,0,0,0,1,0,1,0,0,0,0,1,0
0.16637031098008373,-0.862,-1.092,-0.829,-0.07,-2.451,0.12,-0.844,-0.527,0.209,1.323,0.682,-0.092,0.182,4.11,1.16,0.401,-0.605,0.216,1,1,0,1,0,1,0,1,0,0,1,0,0,1,0,1,0,0,1,0,0,1,0,0,0,0,1,0,0,0,0,0,1,0,0,0,0,0,0,0,1,0,1,0,0,0,0,0,1
0.3900808001027859,-0.986,-1.092,-0.125,-0.07,0.133,0.12,0.353,-0.984,-0.834,0.638,0.276,-0.092,0.548,2.208,1.16,0.401,0.642,0.216,1,0,1,1,0,1,0,1,0,0,1,0,0,1,0,1,0,0,1,0,0,1,0,0,0,0,1,0,0,0,0,0,1,0,0,0,0,0,0,0,1,0,1,0,0,0,0,1,0
1.102,-0.862,-1.092,-0.282,-1.104,-0.513,-0.319,0.353,-0.375,-0.834,0.638,-0.536,-0.092,0.182,2.751,1.16,0.401,-0.605,0.216,1,1,0,1,0,1,0,1,0,0,1,0,0,1,0,1,0,0,1,0,0,1,0,0,0,0,1,0,0,0,0,0,1,0,0,0,0,0,0,0,1,0,1,0,0,0,0,1,0
-0.557,-1.607,-0.35037029111687473,0.892,0.835,-0.513,-0.099,-0.216,0.233,-0.438,1.123,-0.536,-0.092,1.098,0.034,-1.06,0.401,0.019,0.216,1,0,1,0,1,1,0,0,1,0,0,1,0,1,0,1,0,0,1,0,0,1,0,0,0,0,1,0,0,0,0,0,1,0,0,0,0,0,0,0,1,0,1,0,0,0,0,0,1
-0.557,-1.359,-0.3832332878427506,0.266,0.835,-2.128,-0.428,-0.216,0.689,-0.438,1.123,-0.13,-0.092,0.182,1.393,-1.06,0.401,0.019,0.216,1,0,1,0,1,1,0,0,1,0,0,1,0,1,0,1,0,0,1,0,0,1,0,0,0,0,1,0,0,0,0,0,1,0,0,0,0,0,0,1,0,0,1,0,0,0,0,0,1
-0.557,-1.359,0.348,-0.36,-0.458,-0.513,-0.319,-0.216,0.537,-0.438,1.123,1.089,-0.092,0.182,1.393,-1.06,0.401,2.96,0.216,1,0,1,0,1,1,0,0,1,0,0,1,0,1,0,1,0,0,1,0,0,1,0,0,0,0,1,0,0,0,0,0,1,0,0,0,0,0,0,1,0,0,1,0,0,0,0,1,0
-0.557,-0.49,-1.092,-0.673,0.835,0.133,-0.648,0.689,0.081,-0.546,-0.476,0.276,-0.092,-4.401,-2.684,-0.172,0.401,1.391,0.216,1,1,0,1,0,1,0,1,0,0,1,0,0,1,0,1,0,0,1,0,1,0,0,0,1,0,0,0,0,0,0,0,0,0,1,0,0,0,0,1,0,0,1,0,0,0,0,1,0
-0.557,-0.242,0.348,1.283,-0.458,-0.513,-0.099,-0.844,-0.68,0.568,0.752,-0.536,-0.092,0.182,-0.917,-0.394,0.401,1.311,0.216,1,0,1,1,0,1,0,0,1,0,0,1,0,1,0,1,0,0,1,0,1,0,0,0,1,0,0,0,0,0,0,0,1,0,0,0,0,0,0,1,0,0,1,0,0,0,0,1,0
0.272,0.875,-0.847,-1.768,-1.104,-0.03686094163624893,2.641,0.616,-0.497,-1.014,0.409,-0.536,-0.092,0.915,0.034,-0.172,0.401,-1.228,0.216,1,1,0,1,0,1,0,1,0,0,1,0,0,1,0,1,0,0,1,0,0,0,1,0,0,0,0,0,1,0,0,0,0,0,1,0,0,0,0,0,0,1,1,0,0,0,0,1,0
0.272,-0.118,-1.092,1.283,-1.104,-1.159,-0.099,0.0805597331778192,0.537,-0.18177909559393635,0.19357286807715882,0.12658498329598697,-0.0836266107592597,-0.368,-0.782,-0.34827280713178577,0.401,0.038,0.216,1,0,1,1,0,1,0,0,1,0,0,1,0,1,0,1,0,0,1,0,0,1,0,0,0,0,1,0,0,0,0,0,1,0,0,0,0,0,0,1,0,0,1,0,0,0,0,0,1
-0.557,0.13,0.03903134410344831,-1.455,0.835,0.133,-0.099,-0.2627851244675855,0.233,0.3212269413042772,0.0003109244499057903,0.07526782435890059,0.024637021535755265,-4.401,-2.684,-0.6563760212097333,0.401,-1.723,0.216,1,0,1,1,0,1,0,0,1,0,0,1,0,1,0,1,0,0,1,0,1,0,0,0,0,0,0,0,0,0,1,0,0,0,0,0,0,1,0,1,0,0,1,0,0,0,0,1,0
0.272,0.254,-0.617,1.283,0.189,-0.513,-1.196,-0.08692095619769331,0.081,-0.041494047706078195,0.1895599921933857,0.24400623305999444,-0.05358389303824667,-0.735,1.393,-0.2603811168317002,0.401,0.532,0.216,1,0,1,1,0,1,0,1,0,0,0,1,0,1,0,1,0,0,1,0,1,0,0,0,0,0,0,1,0,0,0,0,1,0,0,0,0,0,0,0,0,1,1,0,0,0,0,1,0
0.549,0.627,0.348,-0.282,0.189,-2.774,-0.538,-0.14170690101362138,0.385,-0.050399732804388885,0.33272695053597356,0.1627950986750349,-0.07127958551876024,0.182,1.393,-0.2594890425918913,0.401,-0.035,0.216,1,0,1,1,0,1,0,1,0,0,0,1,0,1,0,1,0,0,1,0,0,1,0,0,0,0,1,0,0,0,0,0,0,1,0,0,0,0,0,0,0,1,1,0,0,0,0,0,1
1.102,0.627,0.348,4.413,0.189,0.779,0.449,0.26887740470730975,-0.527,-0.3721100844414884,0.054040278503289935,0.33030543392872036,0.033363965451258956,-0.552,-1.053,0.2293515152020106,0.401,-0.605,0.216,1,1,0,1,0,1,0,1,0,0,1,0,0,1,0,1,0,0,1,0,1,0,0,0,0,0,0,0,0,0,1,0,1,0,0,0,0,0,0,1,0,0,1,0,0,0,0,1,0
1.102,0.379,0.348,1.675,0.447,0.456,-0.319,0.23640415850594126,-0.68,-0.29026291473671156,-0.02860461454869124,0.08129296493490469,0.029030903588995606,0.182,0.034,0.4113426478195975,0.401,-0.019,0.216,1,1,0,1,0,1,0,1,0,0,1,0,0,1,0,1,0,0,1,0,1,0,0,0,0,0,0,0,0,0,1,0,1,0,0,0,0,0,0,1,0,0,1,0,0,0,0,0,1
-0.557,0.751,0.348,0.501,0.965,0.456,-0.099,-0.021977863141575158,-0.375,0.011283115911465191,0.00018860938165329378,0.08589318142171681,0.029144070452182085,0.182,0.034,0.062128182844341115,0.401,-0.019,0.216,1,0,1,1,0,1,0,1,0,0,1,0,0,1,0,1,0,0,1,0,1,0,0,0,0,0,0,0,0,0,1,0,1,0,0,0,0,0,0,1,0,0,1,0,0,0,0,0,1
-1.11,0.627,-0.127,-0.203,0.318,0.133,0.12,-0.14632494335662477,0.537,0.11157077192153884,0.11213743529521435,0.13464966999288888,-0.011331279373685714,0.182,0.034,-0.33613237277395597,0.401,-0.019,0.216,1,0,1,1,0,1,0,0,1,0,0,1,0,1,0,1,0,0,1,0,0,1,0,0,0,0,1,0,0,0,0,0,0,0,0,0,1,0,0,0,0,1,1,0,0,0,0,0,1
0.549,1.868,0.348,-0.438,0.189,-0.513,-0.099,0.030117959483071804,0.051,-0.184160638287368,0.21962225276687525,0.05419505648007413,0.01956906774504392,0.182,0.034,-0.0431885564156865,0.401,-0.605,0.216,1,0,1,1,0,1,0,1,0,0,0,1,0,1,0,1,0,0,1,0,1,0,0,0,1,0,0,0,0,0,0,0,0,0,1,0,0,0,0,0,0,1,1,0,0,0,0,0,1
0.549,1.992,0.348,-0.673,0.965,0.133,-0.976,-0.10976998216409364,-1.592,-0.0035903191255963543,0.13652496849096782,-0.07112267115774824,0.06582519041336957,0.182,2.751,0.44371654249657594,0.401,-0.052,0.216,1,1,0,1,0,1,0,1,0,0,1,0,0,1,0,1,0,0,1,0,0,1,0,0,0,1,0,0,0,0,0,0,0,1,0,0,0,0,0,0,1,0,1,0,0,0,0,1,0
0.35741126270330453,1.371,0.823,-0.673,0.706,-0.02615845655052494,-0.867,0.20149615519897024,-1.896,-0.1563296596771228,-0.16226124633587455,-0.23532869344075616,0.07956720652160085,0.182,-0.10611276735626368,0.5732657017271813,0.401,0.037,0.216,1,0,1,1,0,1,0,0,1,0,0,1,0,1,0,1,0,0,0,1,0,0,1,0,0,0,1,0,0,0,0,0,1,0,0,0,0,0,0,0,1,0,1,0,0,0,0,0,1
0.07652399158130675,1.495,-0.617,0.11,0.06,-0.513,0.449,-0.047760126296834245,-0.193,-0.13458221455234776,0.3044102247206239,-0.037125956996333975,-0.028044710795745144,-0.002,0.034,-0.10304612460585451,0.401,0.642,0.216,1,0,1,1,0,1,0,0,0,1,1,0,0,1,0,1,0,0,1,0,1,0,0,0,1,0,0,0,0,0,0,0,1,0,0,0,0,0,0,1,0,0,1,0,0,0,0,0,1
0.08153124649991676,1.992,0.348,-0.203,0.189,0.133,-0.319,0.06647875211636901,-0.132,-0.19972132500861406,0.1539302562725416,0.028884696612992224,0.02098659953595713,0.182,0.034,-0.0870507059266612,0.401,0.642,0.216,1,0,1,1,0,1,0,0,1,0,0,1,0,1,0,1,0,0,1,0,0,0,1,0,0,0,1,0,0,0,0,0,0,1,0,0,0,0,0,0,1,0,1,0,0,0,0,0,1
0.014453498561777373,-0.118,0.823,0.266,0.447,-0.012470755437366443,-0.099,0.04338358053947004,0.081,-0.03375679369850089,-0.05148920853449817,0.11997789165039217,0.012860583576635614,-0.009868919880902726,-0.035722149260193056,0.03218154127191762,0.401,0.037,0.216,1,0,1,1,0,1,0,0,0,1,1,0,0,1,0,1,0,0,1,0,1,0,0,0,1,0,0,0,0,0,0,0,0,0,1,0,0,0,0,0,0,1,1,0,0,0,0,1,0
0.1510328536084257,1.123,0.348,-0.282,0.447,-1.159,-0.976,0.019230872717685706,-0.071,-0.07411580131899549,0.0839853343889735,0.11466011220423185,0.007280474759454765,0.182,0.034,-0.07376347114194426,0.401,-1.244,0.216,1,0,1,1,0,1,0,0,0,1,1,0,0,1,0,1,0,0,1,0,1,0,0,0,1,0,0,0,0,0,0,0,0,0,1,0,0,0,0,0,0,1,1,0,0,0,0,1,0
0.11183814250713735,1.123,-0.127,-0.438,0.189,-0.513,-0.648,0.001158609040050721,0.081,-0.06438193670625703,0.11371296438124041,0.07903130205437439,0.008196030279173058,0.182,0.034,-0.08093912575777426,0.401,-1.224,0.216,1,0,1,1,0,1,0,0,0,1,1,0,0,1,0,1,0,0,1,0,1,0,0,0,1,0,0,0,0,0,0,0,0,0,1,0,0,0,0,0,0,1,1,0,0,0,0,1,0
0.18313645772327575,0.627,0.348,-0.986,0.447,-0.513,0.997,-0.0848406824592399,-0.071,0.029085458657337304,0.13860092318551598,-0.05169762779992548,0.023833184603025442,0.182,-0.238,0.14313597835277667,0.401,-1.224,0.216,1,0,1,1,0,1,0,0,0,1,1,0,0,1,0,1,0,0,1,0,1,0,0,0,1,0,0,0,0,0,0,0,0,0,1,0,0,0,0,0,0,1,1,0,0,0,0,0,1
0.37700824925768317,0.627,1.312,-0.203,-0.07,-1.159,-0.209,0.1337355518379395,-1.531,-0.05809798237193032,-0.13658002303037803,-0.10791509923294601,0.069181464763332,0.182,-0.08728414306032015,0.4700694764198872,0.401,-1.224,0.216,1,0,1,1,0,1,0,0,0,1,1,0,0,1,0,1,0,0,1,0,0,0,1,0,0,0,1,0,0,0,0,0,1,0,0,0,0,0,0,0,1,0,1,0,0,0,0,1,0
0.06614639648559638,-0.49,-1.092,-0.282,0.835,-1.159,-0.757,-0.3129896907205073,-1.075,0.2950039491062994,0.13553232652416822,-0.015479068493946958,-0.02876254003945653,-1.102,1.936,0.14308076974001852,0.401,-1.224,0.216,1,0,1,1,0,1,0,0,0,1,1,0,0,1,0,1,0,0,1,0,0,0,1,0,0,0,1,0,0,0,0,0,1,0,0,0,0,0,0,0,1,0,1,0,0,0,0,1,0
0.1339784843491591,0.503,1.312,0.11,-0.328,0.133,-0.099,0.042072387872975195,-0.223,-0.0028563426532978616,-0.07488397117056297,0.14776910876205082,0.06799985519559287,0.182,0.577,0.12702328786268918,0.401,-1.224,0.216,1,0,1,1,0,1,0,0,0,1,1,0,0,1,0,1,0,0,1,0,1,0,0,0,1,0,0,0,0,0,0,0,0,0,1,0,0,0,0,1,0,0,1,0,0,0,0,1,0
0.05685472356976877,0.254,0.348,-0.908,-0.845,1.425,-0.319,0.09992202427120163,-0.68,-0.032759070444474785,-0.1481387732799099,-0.12007337693697603,0.06012658110633319,0.548,1.393,0.3350628772389596,0.401,0.612,0.216,1,0,1,1,0,1,0,0,0,1,0,0,1,1,0,1,0,0,1,0,0,0,1,0,0,0,1,0,0,0,0,0,1,0,0,0,0,0,0,0,1,0,1,0,0,0,0,0,1
-0.03494492232860255,-1.483,0.348,-0.203,-0.975,-0.513,-0.099,-0.0011509774588879017,-0.375,0.09559912270194808,-0.1260745166212557,-0.025547341084790814,-0.01778125394047622,0.182,1.393,0.16656211758854417,0.401,0.612,0.216,1,0,1,1,0,1,0,0,0,1,0,0,1,1,0,1,0,0,1,0,0,0,1,0,0,0,1,0,0,0,0,0,1,0,0,0,0,0,0,0,1,0,1,0,0,0,0,0,1
-0.008888607651305534,-0.614,0.348,1.283,0.189,-2.451,-0.648,0.01370302490422122,-0.375,-0.05675005406038261,-0.046224650230253087,0.16897682188475435,-0.012948046451127848,0.182,1.393,-0.5222777711751259,-3.849,2.928,-2.481,1,0,1,1,0,1,0,0,1,0,0,1,0,1,0,1,0,0,1,0,0,0,1,0,0,0,1,0,0,0,0,0,1,0,0,0,0,0,0,0,1,0,1,0,0,0,0,1,0
-0.023229817858339098,-1.979,0.348,0.657,1.223,-1.159,-0.319,-0.0040068432094957284,-0.223,0.07551352329944296,-0.1300897667653324,0.06441048206347866,-0.05453253431600116,-0.185,0.034,0.1666215042595948,0.401,0.592,0.216,1,0,1,1,0,1,0,0,0,1,1,0,0,1,0,1,0,0,1,0,0,0,1,0,0,1,0,0,0,0,0,0,1,0,0,0,0,0,0,0,0,1,1,0,0,0,0,0,1
0.10529622196783173,-1.359,0.823,-0.673,-1.104,0.133,3.189,-0.1869207278683892,-1.744,0.23130089318868619,0.011537648907038445,-0.39866685679936276,0.030768008067473006,-0.735,1.393,0.6318491047681108,0.401,1.89,0.216,1,0,1,1,0,1,0,0,1,0,0,1,0,1,0,1,0,0,1,0,0,1,0,0,0,0,0,0,1,0,0,0,0,0,1,0,0,0,0,0,0,1,1,0,0,0,0,0,1
0.18051288132385676,-1.483,0.348,0.501,-0.845,0.133,2.093,-0.07840838885880336,-1.44,0.43702282765369543,-0.5515433394677032,-0.2836402208083323,0.09245662327606852,0.182,3.295,0.5405025020359622,0.401,0.712,-2.481,1,0,1,1,0,1,0,0,1,0,0,1,0,1,0,1,0,0,1,0,0,1,0,0,0,0,0,0,1,0,0,0,0,0,1,0,0,0,0,0,1,0,1,0,0,0,0,1,0
0.14217124135883655,-1.359,0.348,0.892,0.706,-0.513,-0.538,0.3239224224924099,-0.786,0.10637925897779973,-0.8173818838769721,-0.1656770816462451,0.054329426092945506,0.182,0.034,0.2653891083927772,0.401,0.712,-2.481,1,0,1,1,0,1,0,0,0,1,0,0,1,1,0,1,0,0,1,0,0,0,1,0,0,1,0,0,0,0,0,0,1,0,0,0,0,0,0,0,1,0,1,0,0,0,0,1,0
-0.10451718278434803,-0.862,-1.092,0.673,-0.587,0.133,-0.099,0.307094043984401,1.146,-0.004849583577336294,-0.5595724539369695,-0.035978537717358,-0.007518614124833893,0.731,-0.51,-0.3329981669657715,0.401,0.712,-2.481,1,0,1,1,0,1,0,0,0,1,1,0,0,1,0,1,0,0,1,0,1,0,0,0,1,0,0,0,0,0,0,0,0,0,1,0,0,0,0,1,0,0,1,0,0,0,0,0,1
-0.049986186069289826,-0.49,-0.617,0.892,0.965,-2.451,-0.3074119407138678,-0.22619659307493611,-0.223,0.36043955889841617,-0.2114351079990578,0.02994479048721066,-0.045224593723331735,-0.552,3.023,-0.3205219539480494,0.401,1.311,-2.481,1,0,1,1,0,1,0,1,0,0,1,0,0,1,0,1,0,0,1,0,0,0,1,0,0,0,1,0,0,0,0,0,1,0,0,0,0,0,0,1,0,0,1,0,0,0,0,0,1
0.15178032078726836,0.13,-1.092,0.501,-0.458,-2.128,-0.648,0.20151440256035247,-0.984,-0.24989212785588016,0.06866752067125081,-0.21363060391629715,-0.08525454410215735,0.182,-1.053,0.06587435321287108,0.401,1.211,0.216,1,0,1,1,0,1,0,0,1,0,0,1,0,1,0,1,0,0,1,0,0,0,1,0,0,0,1,0,0,0,0,0,1,0,0,0,0,0,0,0,1,0,1,0,0,0,0,1,0
0.0014886723684995433,-0.1254596625947573,0.348,-0.282,0.189,-1.159,-0.099,0.21183592556487368,0.598,-0.25634186750394355,0.007248181504067329,-0.023667080222781023,-0.06131484040901875,0.915,-1.325,-0.10714990699438366,0.401,1.451,0.216,1,0,1,1,0,1,0,1,0,0,1,0,0,1,0,1,0,0,1,0,0,0,1,0,0,0,1,0,0,0,0,0,1,0,0,0,0,0,0,1,0,0,1,0,0,0,0,1,0
0.07378257186011591,0.379,0.348,0.892,1.223,0.133,-0.648,0.061210223974889184,0.081,0.15098121144473192,-0.46358573623137445,0.09618280947850932,0.060292887825311905,1.098,2.751,0.015933611503448093,0.401,0.82,-2.481,1,0,1,1,0,1,0,0,0,1,1,0,0,1,0,1,0,0,1,0,1,0,0,0,0,0,0,1,0,0,0,0,1,0,0,0,0,0,0,1,0,0,1,0,0,0,0,1,0
0.25019506882928033,0.627,0.348,-1.064,1.611,2.071,-0.428,0.20505030015218612,-0.527,0.15966775318918186,-0.7289312727633582,-0.2003317005158832,0.16147832413192867,1.098,1.393,0.4971975139479558,0.401,-0.605,-2.481,1,0,1,1,0,1,0,0,1,0,0,1,0,1,0,1,0,0,1,0,0,0,1,0,0,1,0,0,0,0,0,0,1,0,0,0,0,0,0,0,1,0,1,0,0,0,0,1,0
0.1338323083454186,-0.118,-1.092,0.892,-0.587,-0.513,0.339,0.22262265681016014,-0.223,0.05462486372013366,-0.4776025596119463,-0.1730436006377236,0.02617568506882159,0.365,0.034,-0.03215512762750947,0.401,0.018,-2.481,1,0,1,1,0,1,0,0,1,0,0,1,0,1,0,1,0,0,1,0,0,0,1,0,0,1,0,0,0,0,0,0,1,0,0,0,0,0,0,0,1,0,1,0,0,0,0,1,0
0.08339858132199589,0.627,-1.092,1.283,-0.458,0.133,-0.648,0.23513798589216722,-0.68,0.050382435557870434,-0.5273778800765246,-0.11311923715352998,0.05743657464726313,-0.735,0.034,-0.1405129641546622,0.401,0.018,-2.481,1,0,1,1,0,1,0,0,1,0,0,1,0,1,0,1,0,0,1,0,0,0,1,0,0,0,1,0,0,0,0,0,0,1,0,0,0,0,0,0,1,0,1,0,0,0,0,1,0
0.13841809365263835,0.503,-1.092,1.283,2.128,-0.513,-0.428,-0.027948959796462912,-0.68,-0.11208889166913791,0.18672635127624143,0.008825000860801048,-0.05203628953271119,0.182,0.034,0.20061875750075595,0.401,0.642,0.216,1,0,1,1,0,1,0,0,1,0,0,1,0,1,0,1,0,0,1,0,0,0,1,0,0,1,0,0,0,0,0,0,0,1,0,0,0,0,0,0,1,0,1,0,0,0,0,0,1
-0.18671946378520196,0.379,-0.127,0.11,0.189,0.133,0.997,-0.26061417006843896,0.537,0.12182403354064737,0.2679980136286913,0.13426711016307902,-0.02627834323195384,-1.102,0.849,-0.3533139412115178,0.401,0.82,0.055670822296214506,1,0,1,1,0,1,0,0,0,1,1,0,0,1,0,1,0,0,1,0,1,0,0,0,1,0,0,0,0,0,0,0,0,0,1,0,0,0,0,1,0,0,1,0,0,0,0,1,0
-0.25772535603929103,0.379,-0.03283915577747087,0.11,-0.07,0.456,-0.099,-0.24452331241221759,0.842,0.18407754324882197,0.16378401182661226,0.31272570586432114,0.005576570518364009,-2.201,0.034,-0.5885932477815348,0.401,-1.194,0.216,1,0,1,1,0,1,0,0,0,1,1,0,0,1,0,1,0,0,1,0,1,0,0,0,0,0,0,0,0,0,1,0,1,0,0,0,0,0,0,1,0,0,1,0,0,0,0,1,0
-0.19539879631277884,0.254,-0.1125894514645916,1.283,-0.716,0.133,0.449,-0.013486241623331025,0.842,-0.1412882765483709,0.2246232245919043,0.2075440709481834,-0.059712233553875414,0.365,0.849,-0.35154343577959213,0.401,2.05,0.216,1,0,1,1,0,1,0,0,0,1,0,1,0,1,0,1,0,0,1,0,1,0,0,0,0,0,0,0,0,0,0,1,1,0,0,0,0,0,0,1,0,0,1,0,0,0,0,0,1
-0.33586237077977504,-0.4436137796225952,-0.14614329554951028,0.501,0.577,-0.019024353036285566,-0.319,-0.025876043338983176,1.754,-0.10107190823192586,0.15660740435392867,0.29010543104203224,-0.09222031778480311,0.182,0.034,-0.5497876339960365,0.401,1.89,0.216,1,0,1,1,0,1,0,1,0,0,1,0,0,1,0,1,0,0,0,1,1,0,0,0,0,0,0,0,0,0,0,1,1,0,0,0,0,0,0,1,0,0,1,0,0,0,0,1,0
-0.6739919746984417,1.123,0.015265588658342667,-0.36,-0.328,1.425,-0.099,-0.19645369905935128,2.058,0.02199061164218842,0.26439659688424644,0.3530483869754013,-0.03856593722099794,-3.484,-1.325,-1.2799641479770827,0.401,1.89,0.216,1,0,1,1,0,1,0,1,0,0,1,0,0,1,0,1,0,0,1,0,1,0,0,0,0,0,0,0,0,0,0,1,0,1,0,0,0,0,0,1,0,0,1,0,0,0,0,1,0
-0.09317725134491321,0.627,0.348,2.301,0.189,1.425,0.12,0.10382118790838044,0.233,-0.19361058833529748,0.05111020788780336,0.2648673197238853,0.00886817783131786,-0.0520632297557205,0.07498791555642623,-0.1080465682804929,0.401,1.391,0.216,1,0,1,1,0,1,0,0,0,1,1,0,0,1,0,1,0,0,1,0,1,0,0,0,0,0,0,1,0,0,0,0,1,0,0,0,0,0,0,1,0,0,1,0,0,0,0,0,1
-0.3836808852476987,0.13,-0.12545881361021452,2.066,0.447,1.425,-0.648,-0.08737142853168889,0.172,0.012300962549824823,0.05856143251293085,0.31495636924648807,-0.01904277210703536,-2.568,0.034,-0.5124699135526831,0.401,1.89,0.216,1,0,1,1,0,1,0,0,0,1,1,0,0,1,0,1,0,0,1,0,1,0,0,0,0,0,0,1,0,0,0,0,0,1,0,0,0,0,0,1,0,0,1,0,0,0,0,0,1
-0.526891938022289,-0.6378978245629241,-1.092,0.579,-0.328,-1.159,0.339,-0.2103103233750383,0.842,0.10646733112229656,0.24873291058368246,0.13596165846983577,-0.1204169270727524,-4.401,-2.684,-1.0724767863907836,0.401,1.391,0.216,1,0,1,1,0,1,0,0,0,1,0,1,0,1,0,1,0,0,1,0,0,0,1,0,0,1,0,0,0,0,0,0,0,0,0,0,1,0,0,1,0,0,1,0,0,0,0,0,1
-0.21682431008955577,-0.9374027757008712,0.348,0.892,-1.104,1.425,0.339,-0.31021815079448883,0.242,0.27197931806687375,0.10696070531457161,0.2972785210456448,0.009172644677153823,0.548,4.926,0.04029628614972593,0.401,0.992,0.216,1,0,1,1,0,1,0,0,0,1,0,1,0,1,0,1,0,0,1,0,1,0,0,0,0,0,0,1,0,0,0,0,1,0,0,0,0,0,0,1,0,0,1,0,0,0,0,0,1
-0.36820245689853304,-0.614,-0.127,0.814,-0.328,1.425,0.339,-0.44121680289006765,0.242,0.35815312641478525,0.20097803393588046,0.30521156305231334,-0.00569238703001991,-1.651,3.567,-0.29720365292033546,0.401,0.992,0.216,1,0,1,1,0,1,0,0,0,1,1,0,0,1,0,1,0,0,1,0,1,0,0,0,0,0,0,0,0,0,0,1,1,0,0,0,0,0,0,1,0,0,1,0,0,0,0,0,1
-0.1863817968547791,-0.614,-1.092,-0.908,-0.458,0.133,-0.648,0.04612695073378427,0.689,-0.05596837467767757,0.019857178807891278,-0.038473055538747886,-0.06547745326466267,0.182,0.034,-0.20962094098868522,0.401,1.012,0.216,1,0,1,1,0,1,0,0,0,1,1,0,0,1,0,1,0,0,1,0,0,0,1,0,0,1,0,0,0,0,0,0,0,0,0,0,1,0,0,1,0,0,1,0,0,0,0,0,1
